index,raw_smiles,canonical_smiles
0,[P@@][Li+1]Br.OCl.C=P\O[11CH3],
1,[PH1]/[C@@H1]\C\Cl,[PH][CH]CCl
2,[N+1]\[C@@H1]=CN[Si]/Br.[NH1]1[O+1]=S\NCF.N[PH1]1F.[B-1]\OB\[C@H1]=[Se][135I].S[N@@]\S(=C)\O[N-1]F,C=S([N]S)O[N-]F.N[PH](F)N[O+]=[SH]NCF.[B-]OBC=[Se][135I].[N+]C=CN[Si]Br
3,,
4,Cl\F.[N+1]I,FCl.[N+]I
5,[C@@]=[S+1]N/[C@@H1][BH2-1]N=S[Si]\[N+1][PH1][C@@H1]/[N+1]\S([C@@H1])(N)[C-1]\F,[C]=[S+]N[CH][BH2-]N=[SH][Si][N+]P[CH][N+]S([CH])(N)[C-]F
6,Cl/I.P/[C@H1]/P=[S+1][C@H1]\Br,ClI.P[CH]P=[S+][CH]Br
7,[S@@+1][11CH3].[S@@+1][C@].[NH1]\F,[11CH3][S+].[C][S+].[NH]F
8,[Se]1.[C@@]\[C@H1]=C/1[C-1]=O.[C@@H1],[CH].[C]/C=C(\[Se])[C-]=O
9,,
10,[N-1]=S(\I)F,[N-]=S(F)I
11,FS.[C@@]/[C@H1]F,FS.[C][CH]F
12,Cl[C@H1]/O/O[N+1]F.[C@@H1]\I.[C@@](=P)\Cl,F[N+]OO[CH]Cl.P=[C]Cl.[CH]I
13,[N+1]=1[S-1][C-1][C@@][PH1]\[N+1]\[C@H1][N-1]S/O[Br-1]=1[N+1][C-1]/O[C@@H1][C@][N+1]\[NH1]\I,
14,N[Se][Se][N-1],[N-][Se][Se]N
15,N[N+1]\[C@@H1]/P/Br,N[N+][CH]PBr
16,[N+1]/C=C=[Se][I-1]\C\F,[N+]C=C=[Se][I-]CF
17,P=C=N[Se][Se]([Na+1])/[N+1](Br)[N-1]SP=[Se][C@@][Se]P[C-1]C=[P@+1]\[C@H1]F.FO\[C@@H1]\Br.Cl/Cl,
18,Br[Br-1]F.P([Br-1])/P/[C@@]/I,
19,[Br-1][I-1][S@@+1][Li+1][Cl+3][N+1]\Cl.[Cl-1]=O,
20,[O+1]([11CH3])/Cl.[C@@H1]#[N+1],C#[N+].[11CH3][O+]Cl
21,[S@@+1]/S\Br,[S+]SBr
22,[N+1]1/C\[C@H1]/1[NH1][N-1][PH1]\C=NI,IN=CP[N-]N[C@@H]1C[N+]1
23,[P@]/P[C@@H1]=[P@@]=[S+1].P[N+1]=[S+1][P@][11CH3],[11CH3][P][S+]=[N+]P.[P]PC=[P]=[S+]
24,[O+1]\O[P@@][S-1]\O[Se][Br-1][B-1]=PF.[N+1]B/I,
25,C1/[C@H1]\[C@H1][C@@][P@]/1[C@]/P\[N+1]/Br.Cl[C@@H1]/I.[P@@]NBr,Br[N+]P[C][P@@]1[C][CH][CH]C1.Cl[CH]I.[P]NBr
26,C\Br,CBr
27,[K+1]P=C/F.[N+1]=O,
28,Cl.[Se]/S#P/[C@@H1]\[NH1][O-1].O[Cl-1]=[C@][C@H1][11CH3],
29,O=P#[N+1].[Se]=[N+1][C@H1]\Cl,Cl[CH][N+]=[Se].[N+]#P=O
30,[N-1]=[N-1],[N-]=[N-]
31,C(\[NH1])[Cl-1][Li+1][Cl+3][O-1],
32,[Cl-1][N-1][S@@+1][Li+1]OI,
33,N\O[P@@]/SP/S=O,NO[P]SP[SH]=O
34,[P@@][11CH3],[11CH3][P]
35,[S+1][P@+1]#[S+1][Br-1]Br.C/O,
36,[Cl-1].O=C[B-1][C@@]=P/Br,O=C[B-][C]=PBr.[Cl-]
37,Br[N-1][C@@H1][C@@]\[C@H1]/[C@@H1].C[S+1]OI,C[S+]OI.[CH][CH][C][CH][N-]Br
38,Cl[N-1]/S=C[K+1]\OB(Cl)/[C@@H1]C#N.[Cl+3]N[K+1]=NN=P(=N)F,
39,[N-1]1\[NH1][BH2-1]/O[N-1]/[N+1]/1[N@@].BrC[N+1]/P#N.[NH1]N[11CH3],N#[PH][N+]CBr.[11CH3]N[NH].[N][N+]1[N-]N[BH2-]O[N-]1
40,[P@@]\O[Cl+3][C@@][Br-1][PH1]=C[S-1]O\F,
41,[P@]/N=[Se]/[C@@H1]\I,[P]/N=[Se]/[CH]I
42,F[N-1]/P#N,N#[PH][N-]F
43,Br/C[C@@].CN[Si]\S[PH1][S+1](Cl)P\I,CN[Si]SP[S+](Cl)PI.[C]CBr
44,F[C@][Li+1]=[N-1],
45,Cl.Br\O,Cl.OBr
46,[BH2-1]/O\S=S[C@@][Li+1][Cl+3],
47,[N+1][Li+1]/F,
48,[O+1].C[Br-1]/I.[P@]=[N+1]=N/[C@@H1][C@@]([C@])[Cl-1]F,
49,[N+1].[P@+1][Li+1][N+1][Li+1]=S#N,
50,[S-1]1/N[S@@+1]/[C@H1]([C@])[C@][S-1]/[N+1][C@@H1][Cl-1]\[C@H1]/[C@@]Br.[C@H1]=[S+1]=[Se][2H].[Cl+3]\N\Cl.[N+1]/1.O[Si]\I,
51,[C@H1][N-1].[N-1]/F,[CH][N-].[N-]F
52,N[Na+1][Li+1]#N.[2H]/[C@H1][2H].[N+1]\S/I,
53,[I-1],[I-]
54,[Br-1].[P@][C@@][Na+1]\S[Se][11CH3],
55,F/[C@@]#C\C[Br-1][PH1]\I,
56,B[Li+1][NH1],
57,[2H][Se]S=N/OP=S\S/[C@@H1][Si]#B.Cl[NH1]/P[O+1]=[BH2-1],[2H][Se][SH]=NOP=[SH]S[CH][Si]#B.[BH2-]=[O+]PNCl
58,C[C@]/F.S[C@@H1]/O/O\[NH1][C@@]=N[O+1][S-1]/N[11CH3].[C@H1]#N,C#N.C[C]F.[11CH3]N[S-][O+]N=[C]NOO[CH]S
59,[S@@+1]\S/F,FS[S+]
60,O=[Se]N\N[2H].[C@@]I,[2H]NN[Se]=O.[C]I
61,[S@@+1]=[S-1]/S[2H],[2H]S[S-]=[S+]
62,Cl/[C@H1]=O.[P@+1][Br-1]\[NH1].P[Cl-1]#C[C@@H1]\[N+1]/I,
63,N[S@@+1]\I,N[S+]I
64,CP[135I],CP[135I]
65,N[C@H1][S@@+1]O/[C@@]#[S+1]=N\N/I,N[CH][S+]OC#[S+]=NNI
66,[Cl+3][I-1][S@@+1]#[N+1]/P[P@][C@][C@@]/Cl,Cl[C][C][P]P[N+]#[S+][I-][Cl+3]
67,S=[N-1],[N-]=S
68,S\Br,SBr
69,[Se][N-1][Se]\[NH1]N=S/I,[Se][N-][Se]NN=[SH]I
70,P=[Se][N-1]/OC\[NH1][Br-1][C-1][Br-1]P[NH1][11CH3].[N+1][S+1][C@@H1]/I.[2H][Cl+3][S-1][C-1]=[N-1],
71,[C@H1].SI.P[PH1][N@@]\[C@H1]/I.[P@@]I,PP[N][CH]I.SI.[CH].[P]I
72,[O+1]/F.C#[C@@],[C]#C.[O+]F
73,N#N.I[C@@]F.[N+1][135I],F[C]I.N#N.[N+][135I]
74,N(P)\F,FNP
75,[Cl-1]Br.N[PH1]#N,
76,[C@@H1].[Cl+3]P(\[C@H1])[Se]S[C@]/F,[CH].[CH]P([Cl+3])[Se]S[C]F
77,[C@@]/OBr.[B-1]=O.[C@@]\[NH1]B=[Se]([BH2-1]N[N-1]\F)[I-1]\[NH1][Cl+3][S@@+1]/S=NP#CC\Br,[B-]=O.[C]NB=[Se]([BH2-]N[N-]F)[I-]N[Cl+3][S+][SH]=N[PH]#CCBr.[C]OBr
78,[C@@][P@](O)[BH2-1]S\O/[C@H1]\[N+1](\[C@H1])[P@+1]\Cl,[C][P@](O)[BH2-]SO[CH][N+]([CH])[P+]Cl
79,[C@@][Br-1][Br-1]/[C@H1]O[Cl+3]/N[Li+1][P@]\[N+1]([Li+1])/Br.[S@@+1][O-1].[O+1]N\Cl.P\O[Se]=[Br-1][N@@][S@@+1]I,
80,FN/N\S\CP[S+1][S+1][C@@H1]B\I,FNNSCP[S+][S+][CH]BI
81,C[P@@]([C@@H1])[Se]\OS[O+1][N+1]Br.P\S[135I].[N+1][PH1][11CH3],PS[135I].[11CH3]P[N+].[CH][P@](C)[Se]OS[O+][N+]Br
82,Cl\S[I-1]=C/I,ClS[I-]=CI
83,[Na+1][S+1]=[N-1].[Cl+3]\Cl.[11CH3][S@@+1][P@@][11CH3],
84,Cl[11CH3],[11CH3]Cl
85,[N-1]/[C@H1]O[Li+1][B-1][Si]=[N-1].[Se]\[C@H1]\O[N@@].[NH1]\[N+1]=P=C/Br,
86,SPB=P\C/Cl,SPB=PCCl
87,[C@@H1][Br-1]=C[BH2-1]O/S=[S+1]#N,
88,B/NF.[PH1]=C[N-1]N.CC#N.[N+1]#N.SBr.P\Br,BNF.CC#N.N#[N+].N[N-]C=P.PBr.SBr
89,B[BH2-1]/S[C@H1][K+1](/N)C=1[11CH3].PBr.P[Cl+3]\Cl.[Cl-1][N+1]=O.[Br-1](S)/C[N-1]/O[P@]=1[P@+1][I-1](=C=2)[K+1]=2[11CH3],
90,[C@][Li+1][Br-1][Si][Li+1][C@@H1]NI.Cl[Na+1][Se][C@][Se]/S=O.S#N,
91,CN(P)[C@@H1]F.[N+1]#[C@@H1],C#[N+].CN(P)[CH]F
92,P/I.F[K+1][C@H1]\I.[C@H1]/Br.C(=[N+1])[N+1][B-1],
93,ON,NO
94,[135I]/C[Br-1][S@@+1]/F.[S+1]/P[11CH3],
95,[N+1]=C\S[Br-1][11CH3].[NH1]\I.P=[S+1][O+1]/[C@H1]/[C@@H1]/[C@H1]/[C@@H1]=NS[Cl-1][C@@H1]F,
96,[P@@]=[Se]#[N+1]S[C@@H1][BH2-1][Li+1][C@@H1][C@@H1]=C=[N+1][Cl+3]/Cl.[C@H1][135I],
97,BrS[BH2-1][Se]#N.Br[N-1]\C[Cl-1]B,
98,C1=[Se][P@+1]=S\C/1=[O+1]N[C@@H1]=[N+1][C@@]\Br,Br[C][N+]=CN[O+]=C1C=[Se][P+]=[SH]1
99,[Se]/[C@H1][O+1]PN=[N-1],[N-]=NP[O+][CH][Se]
100,[S@@+1]Br,[S+]Br
101,[N+1]\I.C[P@][K+1]/Br.C[BH2-1]P[Cl+3][C@][N@@][S-1],
102,C1[Br-1]2.[Br-1]/2[NH1][S+1][Se]/O\1,
103,[O+1]/N/[C@H1][11CH3],[11CH3][CH]N[O+]
104,Cl/SN/O\Cl.[11CH3],ClONSCl.[11CH3]
105,[Se](\S)[K+1]\OCl.N[O+1][B-1][C@@H1]\Br,
106,[C@@][Br-1]O[Si][BH2-1]C\C/Br,
107,P#[N+1],[N+]#P
108,SS.N[N@@]/OO\S[Si]=C=C[BH2-1]\I,N[N]OOS[Si]=C=C[BH2-]I.SS
109,C/S([N@@])I.[Na+1]\[NH1][O+1][Br-1],
110,I.Br[Se][Se]Cl,Cl[Se][Se]Br.I
111,[S+1][BH2-1]/NCl,[S+][BH2-]NCl
112,Cl[P@@]#[N+1][P@@][Li+1]=[S+1][O+1][Br-1]\I,
113,N[11CH3].[C@H1]/P[O+1]=C\I,[11CH3]N.[CH]P[O+]=CI
114,[Br-1][Se][Na+1][S-1]/I.[N+1]/[C@@H1]\Cl,
115,[C@H1]\C=N[N+1][C@@H1]\Br,[CH]C=N[N+][CH]Br
116,[C@@H1]=O,[CH]=O
117,B([Na+1])(C[BH2-1]\[N+1]=[N-1])/[N+1]\[N+1][S+1]/P[Li+1][Cl-1],
118,O=S[P@]=C\C=N[N+1]/[N+1]C(\[NH1])[BH2-1][C-1]\[C@H1][I-1]\Cl.[C@H1]([Cl-1][Li+1]#[N+1][11CH3])[O-1],
119,[BH2-1]/P\N\[C@H1][I-1]\I,[BH2-]PN[CH][I-]I
120,[Br-1]\I.C[Cl+3][C@@H1]Cl.[C@]=[Se][P@+1][S@@+1]/N[PH1]/S/[C@H1][C@H1]=[Se]/C/O[Se]\OBr.F[135I],
121,Cl/N/[C@@H1]N[Li+1]=[S+1]/S[I-1][C@@]=O.[O+1]([I-1])\[C@H1](C)[N-1]/S[Na+1][N@@]/I,
122,[N-1][C@].[Li+1]\N=N[Cl-1][N-1][Si]\[N+1]=[N+1]/N\[N+1][PH1]N[Cl-1][S+1]/Cl,
123,N/S[Se]P[C@]([I-1])[C@H1]=C\NB\S(=SP=P[I-1][O+1])/C[N@@][C@@]\N\O[BH2-1][O-1].F[N@@][C@][NH1][N+1]I.S[I-1]=[Se]I,F[N][C]N[N+]I.NS[Se]P[C]([I-])C=CNBS(C[N][C]NO[BH2-][O-])=[SH]P=P[I-][O+].S[I-]=[Se]I
124,B[Cl-1]=SP=[N-1],
125,[N+1][Cl+3][C@]/[C@@H1][2H],[2H][CH][C][Cl+3][N+]
126,[C@H1]/[C@@H1][Br-1][S-1][Br-1][C@H1]([BH2-1]1)C1I,
127,[P@][Se][11CH3].[N+1]=P/N[11CH3],[11CH3]NP=[N+].[11CH3][Se][P]
128,P1/[C@H1][C@H1][N+1]=NP(\S1/P#N)F.[C@@H1]C[Cl+3][C@@H1]=N[N+1]=P#[N+1]/S/[C@@H1]\[C@H1]C[Se]\F,N#[PH][SH]1P[CH][CH][N+]=NP1F.[CH]C[Cl+3]C=N[N+]=P#[N+]S[CH][CH]C[Se]F
129,[Br-1]=O,
130,S=N\Cl,S=NCl
131,[C@H1]/C[Br-1][P@@]\O[P@@]S[C@H1][S+1][Li+1]I.[C@@]/[C@H1][O-1].[Se]/P,
132,[S@@+1]=1/[C@@]Cl.S=N[Si]/CO\[N+1][P@]/S/PN=[S+1]=1.C\Br,CBr.S=N[Si]CO[N+][P]SPN=[S+]=[S+][C]Cl
133,B\[NH1]\N[Br-1][Se]([C@@])[C@@]/Br,
134,C1[S@@+1][Br-1]\C/1/Cl,
135,[P@@][11CH3].[Cl-1]/C[S@@+1]/Cl.O.[C@@H1]=P[C@@H1]=[N+1]\[N+1]=P/[C@H1][O-1].[C@H1][11CH3],
136,P/[C@@H1]\[NH1][Cl-1][C@](=N)\[NH1][C@@H1],
137,[Br-1](=[Se])\[C@H1]/[C@@H1][C@@][135I],
138,P[Na+1](P)\I.[11CH3],
139,[Na+1][O-1].Br[N+1]\[N+1][Si]\I,
140,N=[Se][Li+1][Li+1]Br,
141,Cl.C[11CH3],C[11CH3].Cl
142,[C@@][Si][Br-1],
143,[C@]\[C@H1]Br,[C][CH]Br
144,S[N+1][11CH3],[11CH3][N+]S
145,[2H],[2H]
146,N[BH2-1]/[N+1]/C\I,N[BH2-][N+]CI
147,B[P@@]=S[Cl-1]/I.Br\S[Br-1][Se]=N[Li+1][B-1][11CH3].[11CH3][C@H1]\N[C-1]\[N+1][11CH3],
148,S[Cl-1]\F.F[P@@]\S#[N+1]P/[C@@]\[NH1]\I.[N-1][Li+1]N=[Se]=[K+1][Br-1][P@]=[S+1]C[Na+1][S@@+1]P/O/Cl,
149,[S-1][P@+1]/S/O/[C@H1]/I,[S-][P+]SO[CH]I
150,PP.I[C@]/Br,Br[C]I.PP
151,F\S[S+1]/F.Br/[C@@H1][S-1][C@H1]=O,FS[S+]F.O=C[S-][CH]Br
152,BrBr.[S-1]N=[Se]=N[11CH3],BrBr.[11CH3]N=[Se]=N[S-]
153,N[Se]/F,N[Se]F
154,N1/[C@@H1]B=C1[Se]=O,O=[Se]C1=B[CH]N1
155,C\N/Br.P=C=SNCl,CNBr.P=C=[SH]NCl
156,Cl\S\Cl.[N+1]/[C@@H1]=SCl,ClSCl.[N+]C=[SH]Cl
157,NBr,NBr
158,B=[Se][N-1]\Br.PB[Br-1][I-1][C@@]=P[Cl-1][B-1]P.[O-1][Cl-1]=S\[NH1]/[C@@H1]=N[Cl+3]\[C@@H1]=[Se]S[K+1]#N.[N+1][C-1]B[S@@+1]C=CP=C\I.OBr.N/O[Si]Cl,
159,[N+1][P@]/[C@H1]P[BH2-1]SF,[N+][P][CH]P[BH2-]SF
160,[C@@]=C=PP\OO[P@+1][Na+1]/[C@@H1]/S\C=[S+1]=C[P@@]Br,
161,[C@@H1]C=S#C[P@](C)(P)Br,[CH]C=[SH]#C[P@](C)(P)Br
162,[C@@]1\S/[C@H1]=P.[Cl+3]#C/1,P=CS[C]C#[Cl+3]
163,Br/C[P@@]\S/C[C@H1]Cl.[C@@H1]=P\F,Cl[CH]CS[P]CBr.[CH]=PF
164,[C@@H1]=P[P@@]\[NH1][C@@H1]=[C@],[C]=CN[P]P=[CH]
165,[O+1]=C/C[S@@+1][Li+1][Na+1][Se][C@][I-1]\[NH1],
166,[Se]/N=O.[Cl-1][Cl-1]Br.[2H],
167,[Se]=[S+1]P\O/[C@H1][11CH3].[Br-1]\S=O.[BH2-1]/[N+1]\[C@@H1]C/[N+1]/I,
168,C/C=O,CC=O
169,[C@H1][O+1][Br-1][Li+1][C@@]=P[C@@]=O.P\[C@@H1]=[C@@H1]OF,
170,NO/S([Li+1])=[N+1][C@@H1][BH2-1]P\[C@H1]/[N+1]/O\[C@H1][Br-1]I,
171,[PH1]/P[11CH3],[11CH3]P[PH]
172,S=NP\S[Se]B=N.[N+1]O[S@@+1]\N=[Li+1][Cl-1]Br,
173,[O+1]=S[C@@],[C][SH]=[O+]
174,N[Se]/[C@@H1]P,N[Se][CH]P
175,C=S[Br-1]#C\C=P/I,
176,C[Se][P@]/[C@@H1]=N\[C@H1],[CH]/N=C\[P][Se]C
177,[N+1][P@@]\S([Cl-1])[C@@][P@]I,
178,[PH1]/N/S=[Li+1]=O.O\F,
179,F[O+1]F.[C@@H1]/Br.[C@@H1]\N,F[O+]F.[CH]Br.[CH]N
180,B[N+1]/S\Cl.F\Br.Cl[11CH3].FS=S=P/F,B[N+]SCl.FBr.FP=S=[SH]F.[11CH3]Cl
181,P.Br/O[Se]=[C@@],P.[C]=[Se]OBr
182,[C@]=1([P@]=P[Cl+3]OP/P[C@]\[NH1][S-1]=1)[Si][NH1][C@@]C[O+1]/Br.[BH2-1]\[C@@H1]/[C@@H1]N.N,Br[O+]C[C]N[Si]C1=[S-]N[C]PPO[Cl+3]P=P1.N.[BH2-][CH][CH]N
183,[Cl-1].C=C[P@+1]Cl,C=C[P+]Cl.[Cl-]
184,[C@H1][Si]I.[11CH3]P[S+1][B-1][C@@H1]C[P@@][BH2-1][O-1].F,F.[11CH3]P[S+][B-][CH]C[P][BH2-][O-].[CH][Si]I
185,S[Na+1]([135I])[Cl+3]/[C@H1]=P[P@@]\I.[Cl-1]=[Se][P@+1]/I.I[N@@]\[C@@H1][Br-1][C-1][11CH3].N[P@@][Li+1]\F.[Cl-1][K+1][P@@][P@@]Cl,
186,[Br-1]\Br,
187,B#C/S/Cl.[N+1][C-1]\C/[N+1][C@H1]S[C-1]Cl.[N+1][PH1]\NNCl,B#CSCl.[N+]PNNCl.[N+][C-]C[N+][CH]S[C-]Cl
188,FS([B-1][B-1][2H])[C@@H1]1.[Na+1]1/Br,
189,FN[PH1]#C[Li+1][Na+1][Na+1]=N/[C@@H1]=[N+1]\[C@@H1][N-1][C@@H1][Si][C-1]/Br,
190,P(/C)=[P@+1]F,CP=[P+]F
191,[PH1]/[C@@H1][P@@]SO/P/S,[PH][CH][P]SOPS
192,S=[P@@]Cl,S=PCl
193,[Se]I.[N+1][2H].Cl[NH1]/Cl,ClNCl.[2H][N+].[Se]I
194,N,N
195,F\N[Se][Br-1].[N+1]=[S+1]PCl,
196,FS[Se]P=[Se][Li+1]\N[Cl-1]N/Br.[S+1]\I,
197,Cl\[C@@H1][Si](\I)#[N+1]P#[Na+1]=[C@@H1]N[C@][I-1][N+1]([C@@][C@]I)\N\S#[N+1][O-1],
198,[S@@+1][11CH3].ClN=[N-1],[11CH3][S+].[N-]=NCl
199,Cl\OP[Se]I,ClOP[Se]I
200,P/N[C@H1]=[N-1].N=N[N-1],[N-]=CNP.[N-]N=N
201,[P@@]=1(/[C@@])[B-1][S@@+1][P@+1]=1\N/S/N([I-1])C/P\C[O-1].N=C[C@@][P@]N[135I].[N+1]/SBr,N=C[C][P]N[135I].[C][P]1=[P+](NSN([I-])CPC[O-])[S+][B-]1.[N+]SBr
202,[P@][Na+1][Cl-1][N-1][N+1]/Br,
203,,
204,F[Cl+3][Br-1][P@@][P@]=[C@@H1],
205,C[11CH3],C[11CH3]
206,S1[S-1][Cl-1]\[C@H1][NH1]P\I.B\[C@H1]=[N+1]/S/1\I,
207,[C-1]=C/[C@@H1][N@@]/S[P@@][Cl+3]#N.[O-1][11CH3],[11CH3][O-].[C-]=C[CH][N]S[P][Cl+3]#N
208,[S@@+1]1S([O-1])[C@H1][Cl+3][Br-1]\[NH1]I.[Br-1]=[N+1]N/1[S+1]\[NH1]N/F,
209,Cl/[C@@][C@@][C@][11CH3],[11CH3][C][C][C]Cl
210,O[K+1][Na+1]S[11CH3].[PH1][Cl-1][Se]/[C@@H1]\[NH1][Br-1][S-1]\[NH1]P[O+1]=[N-1],
211,[P@]/C\F,FC[P]
212,[Cl-1][P@][P@@][11CH3],
213,P[S-1]/S[O-1].P#[N+1]\F.[O-1]C\Br.P[135I].[P@+1][B-1],F[N+]#P.P[135I].[B-][P+].[O-]CBr.[O-]S[S-]P
214,[P@][C-1]/C\N/Cl.N\C=S\I.[Br-1]#N,
215,C1P=N[Br-1]P[N+1]=[S+1]\[N+1][C@@]=[C@@]\Br.[C@]/[C@H1]/1[C@@H1]\I.P\Br.[PH1]Cl.[BH2-1]BBr,
216,[C@]\S[S-1][Cl-1][P@@]/N[Br-1]=O.[S+1]/S/[C@@H1]([N+1])[N-1]/[C@@H1]=C[C@H1][N-1]Cl,
217,[C@H1]/O/[C@@](C)N[BH2-1][11CH3],[CH]O[C](C)N[BH2-][11CH3]
218,N[P@]=PBF,NP=PBF
219,[C@H1]1\[C@H1][N-1][C@H1]([O+1])[Se]\[NH1]/1.O[2H],[2H]O.[O+][C@H]1[N-][CH][CH]N[Se]1
220,N=S[N+1][S-1]=[N-1],[N-]=[S-][N+][SH]=N
221,[P@@]/Br.[C@@H1]\N=[Se]=[Se]#N,[CH]N=[Se]=[Se]#N.[P]Br
222,N=[S+1]1P#C[S@@+1][Li+1][C@]\[C@@H1]N\[NH1][Cl-1]F.I\[NH1]/S1C[BH2-1][P@@],
223,[N+1][Br-1][C@]=P,
224,[N+1]Cl,[N+]Cl
225,F[11CH3],[11CH3]F
226,[Br-1]\[C@H1]=[C@@H1][N+1][S@@+1]=[Cl+3]/[C@@H1]=[Br-1][B-1]=[Se][I-1]\[N+1]\[N+1]\Cl.[K+1]/N[K+1]\[C@H1][N-1][N+1]S(/[N+1])=N[O+1][K+1]#[C@H1],
227,[N-1]=[Se]\I,[N-]=[Se]I
228,S[N+1]/N\Br.[C@]\I.[N+1]F,S[N+]NBr.[C]I.[N+]F
229,O\S[I-1][Br-1]\S[N@@][O-1].S[B-1][Si]/I,
230,O[BH2-1]P/P[C@@H1],[CH]PP[BH2-]O
231,Br[C-1]/P=O.C=S[C@@]\O[Si]=C[11CH3],C=[SH][C]O[Si]=C[11CH3].O=P[C-]Br
232,Cl[P@].[NH1][N@@]=N[S+1][11CH3].[Cl+3]\C=NP[N+1]\CF.P[BH2-1]C[P@]=C\Cl,FC[N+]PN=C[Cl+3].P[BH2-]CP=CCl.[11CH3][S+]N=N[NH].[P]Cl
233,N=C\O\I,N=COI
234,[C@@]([P@@])C([2H])[Se][P@][C@@],[2H]C([C][P])[Se][P][C]
235,[S+1][P@@]=[Se]N/N[P@]=[S+1]=[Se][Se]\F,F[Se][Se]=[S+]=PNN[Se]=P[S+]
236,O[Na+1]/S(\[C@H1])O\SI,
237,Br[BH2-1][Se]=C=S=[Se]=[N+1]I.O[S+1]C\[C@H1]=[N+1],Br[BH2-][Se]=C=S=[Se]=[N+]I.[N+]=CC[S+]O
238,[O+1]/P[Cl-1]/C#C/[C@H1]1[N+1]F.[N+1]P=[Se][O+1]/N\C=[C@@]\N=[S+1]1[Br-1][P@@]S[S+1]/I,
239,[O+1][Cl-1]\S=[N-1],
240,[N+1][135I].[N+1]/I.[C@]/N[N@@]F,[C]N[N]F.[N+]I.[N+][135I]
241,[PH1]I.C/P[Se][C@]=[N+1][11CH3].C\C/S[S-1][O+1][11CH3].F[Se]=S=NS/[C@@][Cl-1]Cl,
242,[C@@H1],[CH]
243,[Br-1][C@H1]\Cl,
244,P1([C-1](/O)[Br-1]/C#C1)[Se](=C)(C)F.F[O-1],
245,[N-1][Li+1].IP=[Se][Cl+3]\Cl.[N+1][N+1]\[C@@H1]Br,
246,N[11CH3].[C@@]\[C@H1][11CH3].I/F.[S+1]/[N+1]\S[C@@],FI.[11CH3]N.[C]S[N+][S+].[C][CH][11CH3]
247,C[11CH3].C[2H],C[11CH3].[2H]C
248,NI,NI
249,[Br-1]/[C@H1][P@@]P#[N+1][C-1][Na+1]/[C@@H1]=[N-1].C\N[Li+1][C@@H1][K+1][Cl+3][C@@](\[C@@H1])/N[N-1]/[C@@H1][Cl+3]#P,
250,N[Br-1]/N[PH1]=O,
251,[PH1]/[C@@H1]\CCC/I.[C@],[C].[PH][CH]CCCI
252,[B-1]/Br.[S-1][Li+1][NH1]S\[N+1]#[Cl+3]/N([BH2-1])[C@@]#P,
253,[P@@].[K+1]=N[S+1]\[C@H1][NH1][N+1]=[N-1].C[2H].PF,
254,O\I,OI
255,[Se]/C\[C@H1][C@][11CH3],[11CH3][C][CH]C[Se]
256,P[S-1][Br-1]([P@])[N+1]/[C@@H1]=[N+1][BH2-1]/[C@H1]O\Br.[C@@H1]/[C@@H1][O+1]\I,
257,C[Cl-1][B-1][Na+1][Si]\[N+1]=P.[C@]/CB/[C@H1]\[C@@H1]=N,
258,[Br-1](/OC/C[Br-1](C)/I)#N.N=C/[C@@][11CH3].[N-1]I,
259,P=[N+1]S[S-1][BH2-1].N/[C@H1]Cl,N[CH]Cl.[BH2-][S-]S[N+]=P
260,N/Cl,NCl
261,Cl.[S+1]/[C@@H1]\[C@@H1][135I],Cl.[S+][CH][CH][135I]
262,[C@]\CBr.NPI.[PH1]#[C@H1],C#[PH].NPI.[C]CBr
263,[N+1]=[Se][Li+1]/S\N[P@@]/N/[C@@H1]\N[N+1]\I,
264,[11CH3]/SP\F,[11CH3]SPF
265,C[I-1].[Br-1]#[N+1]\I.[Br-1]/[C@H1]F,
266,Cl/O[Br-1]=O,
267,[C@@]1/OO[Si]/S1,[C]1OO[Si]S1
268,ClS=C/[C@@]\[N+1]=[N-1].[O-1][C@][P@@]ON[O+1]=S([S+1])[K+1](/Cl)C\[C@H1]\S/C=P/[C@@][N@@][2H].C[K+1]S/C\I.[P@][Cl-1]=C[P@+1][NH1]/P[C@@H1][P@]=CI,
269,P[Cl-1]\[C@H1][C@][C-1][Si]/P\[C@@H1][Br-1](\I)[N@@]\I,
270,[C@H1]#N,C#N
271,O[N+1]\I,O[N+]I
272,N[N-1]\[N+1][Br-1][P@+1]\[NH1][C@@]F,
273,Br[BH2-1][C@@H1]/O[C@H1][BH2-1]/I.[N-1]\I,Br[BH2-][CH]O[CH][BH2-]I.[N-]I
274,[K+1]12N[BH2-1]/[C@H1]\Cl.[C@H1][NH1][S+1]F.[Se]\[C@H1][Cl-1]/1(/F)[B-1]/2/Br,
275,[P@@][BH2-1]/N[P@+1][BH2-1]P=N[Br-1]/I,
276,[C@@H1](/C)/[C@@][C@H1]/ON\[NH1]/[C@H1][N@@]=N/[C@H1],[CH]N=N[CH]NNO[CH][C][CH]C
277,[C@@][PH1]=SP[K+1]P[S+1]=N/Cl,
278,PI,PI
279,F[PH1]/P[N+1].[N+1]C#N.[C@][Se]N[11CH3],N#C[N+].[C][Se]N[11CH3].[N+]PPF
280,P[C@H1][NH1],[NH][CH]P
281,S\Br,SBr
282,[11CH3].N[P@]I,N[P]I.[11CH3]
283,[C@]1=2[Se]#[N+1][Br-1][S@@+1]/1=P=N[S-1]Br.[N+1]\[NH1]N[C@]P=2[C@]/F,
284,B/C#P/[C@@]=N\N[Se][C@][Li+1]Cl.[N+1]ON,
285,[Se]/[C@@]\[C@H1]=C=N/N/P/C[P@@]\[N+1]\[N+1]/Br,[Se][C]C=C=NNPC[P][N+][N+]Br
286,[N+1][NH1]N[135I],[N+]NN[135I]
287,O[Si]=[Se](\Cl)\[NH1]/Br,O[Si]=[Se](Cl)NBr
288,[C@H1][S@@+1][P@]=S/O,[CH][S+]P=[SH]O
289,[P@@][S-1][N+1]/N/S(\[C@H1])/[C@@H1]F.[I-1](=C)I,C=[I-]I.[CH][SH]([CH]F)N[N+][S-][P]
290,Cl/C\[C@H1][Se]Cl,ClC[CH][Se]Cl
291,O[BH2-1]C[Na+1][Br-1][NH1]\[NH1]P\[C@@H1],
292,[S+1]=[O+1]P=S/I,[S+]=[O+]P=[SH]I
293,ClI.C[N+1]F,C[N+]F.ClI
294,[P@]N[BH2-1][S@@+1]#C\[C@H1][Cl+3]/I,[P]N[BH2-][S+]#C[CH][Cl+3]I
295,N=S[Br-1]/S[Na+1][C@@H1][P@+1]I,
296,S[N+1][11CH3],[11CH3][N+]S
297,[N+1]#[N+1][135I],[N+]#[N+][135I]
298,ClCN=C[O-1],[O-]C=NCCl
299,[Cl-1][N@@]=O.C\I,
300,[S@@+1]1[C@@H1]=C[C@@][N@@]\[C@H1][S+1]=[S+1]/[C@@H1]=S[C@@H1][BH2-1][P@@][BH2-1]1,[BH2-]1[CH][SH]=C[S+]=[S+][CH][N][C]C=C[S+][BH2-][P]1
301,[11CH3].[P@]/N\S\Cl,[11CH3].[P]NSCl
302,B[C@][11CH3].[Cl+3]/N\N/Br.[N+1][Na+1]P\ON.[C@@H1]Cl,
303,N([C@@])[S+1]/[C@H1]\OB[Se]=CCl,[C]N[S+][CH]OB[Se]=CCl
304,F/[C@@][S@@+1][PH1][Li+1]/S([Cl-1])\[C@H1]/I.[NH1]\I,
305,F/Cl.C[Se]=[C@@H1][C@@H1]\I.[N+1]=O,C[Se]=C[CH]I.FCl.[N+]=O
306,[S@@+1][Li+1]\S[C@][Br-1]=P[O+1]=[N+1]PBr.O[N+1][2H],
307,[I-1]1([Li+1])[Li+1]C/1[S@@+1][N-1]I,
308,N=[Se]/F.C[P@@]/C[N+1]\N.[11CH3]\N,C[P]C[N+]N.N=[Se]F.[11CH3]N
309,P1.P[PH1]=S[C@@][N+1]/Br.[NH1][C@@H1]Br.[P@]=S#C\OCl.O(B\Cl)/[C@@H1]/1\[C@H1]/C[Cl+3].[Br-1][B-1]Br.C\I,
310,ClN/O\S\I,ClNOSI
311,IP[P@]/S\[C@H1][BH2-1]\[C@H1]=P.F\S[N+1][C@@H1][2H],P=C[BH2-][CH]S[P]PI.[2H][CH][N+]SF
312,[Se]/O\S=[C@@H1]\I,[Se]O/[SH]=C/I
313,P/Br.P/Br,PBr.PBr
314,P[11CH3].[C@@H1]\N[I-1]([2H])[N-1]/S#N,[11CH3]P.[2H][I-]([N-]S#N)N[CH]
315,[S+1]1[Cl-1][C@@]/1[C@@][Br-1][2H].N/O,
316,[C@@H1]\Br.[C@@]#[S+1]=O,[CH]Br.[C]#[S+]=O
317,[N+1]/C\[C@H1]=[N+1][135I],[N+]CC=[N+][135I]
318,N\F.O[B-1]\Br.[Cl+3]/Cl,Cl[Cl+3].NF.O[B-]Br
319,[Se]/O[P@][S@@+1][Br-1][S@@+1][B-1]\S#[N+1][P@]=[N+1]\[C@@H1]([N@@])[11CH3],
320,[C@@H1]\ON=[C@@][S+1]F.S\S/O[N+1]I,SSO[N+]I.[CH]ON=[C][S+]F
321,Cl[Cl-1]#[P@+1][C@@H1]P1\[C@@H1]\Cl.[B-1][Cl+3]I.[C@@][Cl+3][C@]=[N+1]N\N[Br-1]=[N+1]\[NH1]/S[C@H1]1[C-1]\Br,
322,C[C-1]=[N-1],C[C-]=[N-]
323,Cl\S[C@H1]Br,ClS[CH]Br
324,N=[S+1][O-1],N=[S+][O-]
325,O[B-1]=SI,O[B-]=[SH]I
326,N=[B-1][P@@]\[NH1][Br-1]=[P@+1]([C@@H1][N@@][Si][C@H1]\[NH1][PH1][135I])[C@]=O,
327,[11CH3][Se][PH1][S+1]PP[Se][I-1]=C=[N+1][S@@+1][BH2-1]O[S-1][Li+1][S+1]=N[C@][Si][P@]=[S+1][N-1][N+1][PH1]=B/F.[C@H1]N(N)N[11CH3],
328,I.[Cl-1]\Cl.[C@@]=[Se]/I,
329,O=[PH1]=O.[PH1]P[N@@]=O.[P@@]\[N+1][BH2-1][Cl-1][Br-1][2H],
330,[C@H1]/C/S\S\Cl.[Se]=[N-1],[CH]CSSCl.[N-]=[Se]
331,[C@H1]NBr.[S-1]Br,[CH]NBr.[S-]Br
332,Cl\Br.[C@@H1]#[N+1]/[C@@H1][C@@]=P=[Se]\[N+1][N-1]/F,C#[N+][CH][C]=[PH]=[Se][N+][N-]F.ClBr
333,P/Cl.[N+1][Cl-1]\[C@H1]/NN\[C@H1]/[C@@H1][Na+1]C[PH1][Li+1]\Cl,
334,[N-1][S-1][C@][C@][N-1]F,[N-][S-][C][C][N-]F
335,Cl\C.[Br-1]\[NH1]/F.[N-1],
336,N=NS=NC[B-1][11CH3].N([11CH3])\F,[11CH3]NF.[11CH3][B-]CN=[SH]N=N
337,[C@@H1]N[C@@]/Br,[CH]N[C]Br
338,[C@H1]\N[N-1]N\[C@H1][Cl-1]/Cl,
339,[Se][S@@+1]/[C@H1]([O-1])\N\S(\Cl)Cl.P[Br-1]\[C@H1][Se][C@]/P/[C@@H1]=NC[P@+1]/F.Br,
340,Br,Br
341,[C@@][N+1][P@@]\[NH1]/C=S/P.[C@H1]\Cl,[CH]Cl.[C][N+][P]N/C=[SH]/P
342,N[C-1][P@@]=C([P@])C[S@@+1]/C[C-1]=[C@@H1][Na+1].O[C@@H1]\O\[NH1][135I],
343,N[C@@H1],[CH]N
344,[N+1][Li+1]/Cl.Br[C@@]/N\[N+1][C@@H1](O)I,
345,B([PH1])[135I].[NH1]\Cl.[11CH3][C@@]B\O[Cl+3]#N,[11CH3][C]BO[Cl+3]#N.[NH]Cl.[PH]B[135I]
346,[P@@].[C@@][Li+1]/S/N/Br.N=[Se]=[N@@]F,
347,[P@@]=1[S@@+1][BH2-1]\[NH1][S+1]\[C@H1][N+1]/C=N.[Br-1]=[Se][Na+1]=[N+1]/S=1[Br-1]/S[C@][Li+1]Br,
348,[C@H1]1\F.[Li+1]/1(/[C@@]I)[Cl+3]#[Li+1][C@@]=[Se]=P/PO[Cl-1]Cl,
349,F\[C@@H1],[CH]F
350,[P@]=[S+1](/[C@@H1])[N+1][N+1]=C/P/I,[CH][S+](=[P])[N+][N+]=CPI
351,[Br-1]/F,
352,[Br-1]\[NH1].NN[N@@]([Si]F)[Se]NN=[N+1][N@@]/NCl.[C@H1]P/P[P@]/Br,
353,S[Se][I-1][C@H1]=S[11CH3],[11CH3][SH]=C[I-][Se]S
354,Cl[Na+1].[P@+1]=SB\[N+1]/S[B-1]/[C@@H1][O-1].F[C@@]\[C@@H1]/C,
355,Cl[S+1]/[C@@]/N\[N+1]=P=NI,Cl[S+][C]N[N+]=[PH]=NI
356,O/[C@H1]=O,O=CO
357,[C@H1][C-1]=[N+1]=C=[C@]/O[C@]Cl,[CH][C-]=[N+]=C=[C]O[C]Cl
358,C.[N+1]/I,C.[N+]I
359,Cl[PH1].[C@@H1]/I,[CH]I.[PH]Cl
360,[C@@][Cl-1][S-1]=[BH2-1],
361,Cl[N+1][N-1][N+1]/[C@H1][C@@H1]=NC=[N+1]/N[C@]/P/Cl,Cl[N+][N-][N+][CH]C=NC=[N+]N[C]PCl
362,O[S-1](=[Se]=S(Br)[Cl+3][Cl-1][S-1][BH2-1][P@][N@@])I.[C@@H1]=[C@H1]/N=P\Cl,
363,[N+1][Cl+3]F,[N+][Cl+3]F
364,[C@@]1[BH2-1]/S=P/1[N-1]O[P@@]=N\[C@@H1]=[N+1]\S,S/[N+]=C/N=PO[N-][PH]1=[SH][BH2-][C]1
365,[Cl-1][Cl+3][P@][C@@][Br-1]=[C@@H1]/O.O[O-1],
366,N/S[Br-1][C@]F,
367,S[Na+1]\S[S+1]=NN[S-1]\[C@H1],
368,[Se][C@H1]\Br.[Br-1]\Br,
369,[C@H1]=[N-1],[CH]=[N-]
370,[K+1]=1[Na+1]\I.[N-1][K+1][Na+1][P@@]([135I])PC[Li+1]=1[PH1][B-1]/[C@@H1]\Cl.[Na+1]\C/[N+1]=[Se][Li+1]/I,
371,[K+1]12=P[BH2-1]P=N1.P/[C@H1]=C[PH1]NCl.C[Cl-1]\I.N/2[C@@][S+1]C[P@@]/N[Si]I,
372,[O+1][BH2-1]/S.I/I.[C@@H1]\[C@H1][Se]/P=[Se]([BH2-1])[Li+1]N[O-1],
373,[BH2-1][Br-1]1.[N+1]/1I,
374,B#N,B#N
375,[S-1]I,[S-]I
376,N([S@@+1])[11CH3],[11CH3]N[S+]
377,O[Cl-1]P[N+1][N+1][Li+1][Li+1][P@][Cl+3]/Br.N[S-1][Cl+3]Br,
378,F[N-1][P@@][S@@+1]/SN/[C@@H1][S@@+1][Na+1]P[K+1][B-1][BH2-1]\[NH1]I,
379,[S+1]=[N-1],[N-]=[S+]
380,[S@@+1][BH2-1][C@@][Br-1]/C/I,
381,[2H]\[N+1][Cl-1][S+1]\[NH1][S+1]/[C@@H1].[C@]/F.ClN=C/[C@H1][N-1]/S=O,
382,F[C-1]=S(O)[P@@][O+1][PH1]#[N+1],[N+]#[PH][O+][P]S(O)=[C-]F
383,P/P\[C@@H1]P[11CH3],[11CH3]P[CH]PP
384,[135I][Se]=NC[C-1]\[N+1][P@@]\[C@H1]S=S=N/N=S[2H].[C@][C@@],[2H][SH]=NN=S=[SH][CH][P][N+][C-]CN=[Se][135I].[C][C]
385,S\N=N[C@@].F[B-1][B-1]#N.BrC,CBr.N#[B-][B-]F.[C]N=NS
386,B\Cl,BCl
387,C\[NH1]/P\Cl.[N+1][C-1][135I].[C@]B[PH1]O/[C@H1][O-1],CNPCl.[C]BPO[CH][O-].[N+][C-][135I]
388,[S-1][Li+1]N\S/I.[Se][2H].[C@@](=[N+1])[K+1]/F.C#N,
389,[Se]=[Se]/S(/C)P[B-1]=[Br-1](\C)\Cl.BrSO[B-1]\F.[2H],
390,Cl[P@]/[C@@]/N\N=O,O=NN[C][P]Cl
391,[I-1][C@]#[N+1]1.[Cl+3]1[Cl+3][Se]\C=O.I[Cl+3]/S[Se][S@@+1][P@+1][Na+1]/S=[N+1][Li+1][S@@+1].[N+1]P\[C@H1]=NPBr,
392,P[N+1][P@+1][BH2-1]/F.C/F,CF.F[BH2-][P+][N+]P
393,S=[S+1]=O,O=[S+]=S
394,O=S[C@@]/OP/O\Cl.[11CH3]C[Br-1]=N[BH2-1][N@@](F)\[C@H1][N+1]([K+1])O[C@]/Cl,
395,[Se]C\[C@H1]\S/[C@H1],[CH]S[CH]C[Se]
396,[N+1]=S/Br,[N+]=[SH]Br
397,O([C@][P@]/C[P@@]C\NI)/S/[C@@H1][N+1][N@@]=O,O=N[N+][CH]SO[C][P]C[P]CNI
398,[Br-1][11CH3].S=N\Cl,
399,Cl\S1.S/1[C@@][135I].N[135I],ClSS[C][135I].N[135I]
400,[C@@]/[C@@]/N\S=[N-1].O.I/P#CP\C/[N+1]\C=O,O.O=C[N+]CPC#[PH]I.[C][C]N[SH]=[N-]
401,F[BH2-1][N+1][P@+1]=C/[C@@]=N\[C@@H1][Cl+3]\[N+1][S-1]=N[BH2-1]\[C@H1],[CH][BH2-]N=[S-][N+][Cl+3][CH]/N=[C]\C=[P+][N+][BH2-]F
402,N=[N-1].[Se]=[N-1],[N-]=N.[N-]=[Se]
403,S/I,SI
404,N\O[P@@]NS/CCl,NO[P]NSCCl
405,N[K+1][S@@+1]\I,
406,O1[Se]N[P@+1]1NI.[NH1]PI,IN[P@@+]1N[Se]O1.[NH]PI
407,[C@@H1]=O.[Na+1],[CH]=O.[Na+]
408,[Cl+3]I.Br[S+1],[Cl+3]I.[S+]Br
409,CB=O,CB=O
410,P(/F)[C@@]=[S+1]/[C@H1]C[P@][2H],[2H][P]C[CH][S+]=[C]PF
411,[N+1]=[Se]\C/O/S\N.[K+1]/I,
412,C=P[Br-1].[P@][PH1]#N,
413,[C@@][2H].O[C@H1][I-1]=[Se][O-1].[Cl-1]/Cl.C=NP\N([BH2-1])[C@@]#[Cl+3][Cl-1]=C=[N-1],
414,[C@H1]1[NH1]N/1P.Br/P#[N+1]/N/I,Br[PH]#[N+]NI.PN1[CH]N1
415,N=PI.[K+1]P[NH1]F,
416,N\SI,NSI
417,S=1/P[O+1]NN[K+1]=[S+1][N-1]/Cl.[S@@+1][S-1][C@@H1][P@+1]C=1,
418,[O+1][Br-1]=C[O+1][N+1]\I,
419,Br[Se]/[N+1]=P[2H].I[S+1]/Cl,Cl[S+]I.[2H]P=[N+][Se]Br
420,F[B-1]/[C@@H1]O[Br-1][S@@+1]O[Cl-1]=[Se]F,
421,O\[N+1](=O)/I.[S-1][PH1][C@@]/N=N\O\Br,O=[N+](O)I.[S-]P[C]/N=N\OBr
422,OF.[Li+1]=[N+1]/C.[C@@H1]P[Cl-1]/I.C=[N+1]\N[Se][O-1],
423,[C@@]\Br,[C]Br
424,F[Cl+3]\I.C=[Se][C-1]Br,C=[Se][C-]Br.F[Cl+3]I
425,O\ON/[C@H1]\F,OON[CH]F
426,P1\[C@@H1]=C[B-1]/1[O+1][P@+1][P@@][P@@][BH2-1]N([O-1])O\S/C/Br.O/S([C@@H1]2)\[C@@H1]2N\S[C@][S-1],O[SH]1[CH][C@H]1NS[C][S-].[O-]N([BH2-][P][P][P+][O+][B-]1C=CP1)OSCBr
427,C=C[O+1][N+1][I-1]=S[I-1]\Cl.Cl/[C@@H1]P[C@]B[C@@H1]=C[C@]=[N@@][Se]/[N+1][11CH3],C=C[O+][N+][I-]=[SH][I-]Cl.[11CH3][N+][Se]N=[C]C=CB[C]P[CH]Cl
428,[C@@][Br-1]N=P#N,
429,[O+1]=1[P@@][O+1]/C/OP=1[11CH3].C/F.P[P@][N+1]#N,CF.N#[N+][P]P.[11CH3][PH]1=[O+][P][O+]CO1
430,B\I,BI
431,S(/S)/F,FSS
432,C/S=[Se][135I],C[SH]=[Se][135I]
433,C\[N+1]F,C[N+]F
434,[Se](\Cl)/C/O/F,FOC[Se]Cl
435,N#N,N#N
436,C[Cl-1]NCl.S/[C@@H1]/[C@H1].[PH1]\Cl.P=C=S[O-1],
437,Cl.F/F,Cl.FF
438,NBr.[N-1]/[C@H1][Se]/O/P[Se]\[C@H1]/[C@@H1][N+1]/I.O[135I].[Br-1]/[C@H1]O\CCl,
439,[P@]([B-1])[C@@H1][11CH3].[B-1][B-1][PH1][C@]/[N+1]=[S+1][O-1].Cl[Se](C)\[N+1]\O[P@]\NS[K+1]#CC,
440,[11CH3]\N[Br-1][Li+1]I.[C@@]#N,
441,[S@@+1]1\OP=P/1[C@@H1]\Cl,Cl[CH][PH]1=PO[S+]1
442,[P@@][P@@]/[C@@][Cl+3][135I].[C@@]/N[PH1]#CS.[N-1],[C]N[PH]#CS.[N-].[P][P][C][Cl+3][135I]
443,[Se][I-1]=O,O=[I-][Se]
444,[11CH3]\O\I.S[S-1],[11CH3]OI.[S-]S
445,[Cl-1][O-1].S\Br,
446,Cl/I,ClI
447,N\Cl.F[N-1][Cl+3]#C[C@@]/P[S@@+1]/S[BH2-1][N-1][C@]\[N+1][Cl-1]=CF,
448,PC/[C@@H1].F[2H].C(=O)I,O=CI.[2H]F.[CH]CP
449,O[C@@][Br-1]O\O[BH2-1]S[P@]=N\F.Cl\S([C@@H1]=C)=[N+1]=N/[C@@H1],
450,NCl,NCl
451,[N-1]\[N+1][Se]N[PH1],[N-][N+][Se]N[PH]
452,NSCl.N[S+1]\S[I-1]Cl.[C@][S-1]#CP[11CH3],NSCl.N[S+]S[I-]Cl.[C][S-]#CP[11CH3]
453,[C@@]1/S/O[C@@][Br-1][P@@]/1/P[P@]=S\N\[NH1]/N[S-1][N+1]\[C@@H1]/CBr.[Se]Cl.[N+1][11CH3].[Se]Cl,
454,[S-1][P@@]/S\S[Se]=PC\[C@H1]P[C@][B-1],[B-][C]P[CH]CP=[Se]SS[P][S-]
455,N\Cl,NCl
456,O=[P@@][C@@][N+1]/[C@H1]\SBr.[C@@H1]\Br.[Cl-1][PH1]Cl,
457,[S@@+1]\I.[BH2-1]/N[P@][S@@+1]=[C@@]/Br,[BH2-]N[P][S+]=[C]Br.[S+]I
458,P1\OS1([S+1])O\F,FOS1([S+])OP1
459,O,O
460,[Se]P=C[N+1]/S([NH1])([Si])Cl.[C@@H1][C@H1][C@]/C\[NH1][O-1],[CH][CH][C]CN[O-].[NH]S([Si])(Cl)[N+]C=P[Se]
461,Cl[C@H1][135I],Cl[CH][135I]
462,[Se]=N[Cl-1][N-1][C@@H1]\[NH1]/P[N+1]P[Si][C@][11CH3],
463,[C@@]\F.[C@@][135I].[C-1]P[P@]=S#N,[C-]PP=[SH]#N.[C]F.[C][135I]
464,[C@H1]#N.N\N/[C@@]#[N+1]/I.[11CH3][N+1][N+1]\O/P[PH1]=[S+1]/S[Si]\I.I[N+1]=PC#N,C#N.N#CP=[N+]I.NNC#[N+]I.[11CH3][N+][N+]OP[PH]=[S+]S[Si]I
465,N=O.I\Cl.[C@]B[S-1]=[Cl-1]/[C@H1]F,
466,ClN(\[C@@H1])O[K+1]=O.O,
467,Cl/N[P@@]\N/S=C=[N-1].C[C@]=[N+1]I,C[C]=[N+]I.[N-]=C=[SH]N[P]NCl
468,N1\OP[BH2-1][NH1][S+1][P@@]1/C[C@]F,F[C]C[P@@]1NOP[BH2-]N[S+]1
469,[11CH3],[11CH3]
470,[S+1][BH2-1]C/[C@@H1][135I].[N+1]=O.[Cl-1][S+1]N=N/[C@H1][S@@+1][C@@]/OCl,
471,O(/C)P/[C@@H1][S+1]/I.O[Cl-1]([C@H1])[Na+1]=N[Cl+3]/F,
472,P\S[Se][2H],[2H][Se]SP
473,F.[C@@H1]=CS#N,F.[CH]=CS#N
474,[C@H1][Cl-1][Cl-1]#[K+1](B[P@+1])([C@@H1])B[S@@+1]\C\S[P@@][2H].FO[11CH3],
475,O[N-1]\Cl.[P@][2H],O[N-]Cl.[2H][P]
476,[K+1]=1=P.[C@@H1][C@@]\[N+1]=[C@H1][O-1].S[C@@H1][B-1]/[C@@H1]/C[P@+1][I-1]/SPP\S[N-1][N+1][O-1].F\OSO/S[Se]=1([2H])\[NH1]\Br.[Se]/F,
477,[C@@][Br-1]/N/Cl,
478,S[C@][B-1][P@@]=PI.S#P[C@@H1]Cl,S[C][B-]P=PI.[SH]#[PH][CH]Cl
479,[C@H1][Si][C@H1]I.S[Cl-1]\[C@@H1]=P[2H].[S-1]\I.[Cl-1]PBr,
480,C/[C@@][Na+1]/S[Br-1]=[Se]\Br.S[C@]/Br,
481,[S-1][Br-1]\[C@H1]\Br,
482,[BH2-1]/N=C[N-1]\[C@H1][Si][C@@][Na+1]F.I/S=N[N+1][C@@]I,
483,[N-1]/[N+1](\I)N,[N-][N+](N)I
484,P[Cl-1]/C[N-1][S+1]F,
485,C#C[N-1][Br-1]P\Cl,
486,[C@@][Br-1]=C=NS=[Se]([Na+1])\I,
487,[Br-1]/P\[C@@H1]/N\NN=N[O-1],
488,F[Cl+3][PH1]/N[C@H1][11CH3],[11CH3][CH]NP[Cl+3]F
489,I\C\Cl,ClCI
490,O[BH2-1][11CH3].[O+1]#[C@]Cl,[11CH3][BH2-]O.[O+]#CCl
491,B\[NH1][135I],BN[135I]
492,[S-1]\Br.[O+1]#C\F.[C@@]=O,[C]=O.[O+]#CF.[S-]Br
493,[P@@]N[P@+1]#N.FCl,FCl.N#[P+]N[P]
494,S=12[Se]=C.[C@H1]([PH1])[K+1]=1/O2,
495,[N-1]Cl.O[N+1]#[N+1][C@@]N=PN,NP=N[C][N+]#[N+]O.[N-]Cl
496,P[Se]=C\I,P[Se]=CI
497,[Br-1][O-1],
498,[I-1].[PH1]I.N[BH2-1]\N[Br-1][N-1][N+1]/[N+1]/[C@H1]/F.[N+1][P@+1]/F,
499,Cl\I.Br,Br.ClI
500,N/[N+1]/[N+1]\Br.P/[C@@]\S/[C@H1]\I,N[N+][N+]Br.P[C]S[CH]I
501,B/I,BI
502,[P@]#[N+1].C/[C@H1].[Br-1]#[Na+1]I,
503,[135I]\Br,Br[135I]
504,NP\F.Cl/O[11CH3],NPF.[11CH3]OCl
505,[S@@+1]/[C@H1]P/[C@@H1][Cl-1][S+1]/[C@@]/I.[NH1][C@@H1]Cl.[N-1][C@@][P@+1]([P@+1]\Cl)\[NH1]/[C@H1][I-1][Na+1]/[C@H1][P@+1](\I)/Br,
506,P[C@H1]=[N-1],[N-]=CP
507,B[Br-1][Se][O-1].[K+1]O[Si][C@]Br.[BH2-1]N\Cl,
508,P/F,FP
509,[S@@+1][P@@][Se]=C/Cl.[C@@H1](=N)\F,N=CF.[S+][P][Se]=CCl
510,[Li+1]=C/I.Cl/Br,
511,FN[N+1],[N+]NF
512,N=[Br-1]P[S+1][C@@]=O.[Li+1]#C.[C@][11CH3],
513,[S+1][Br-1]=[Se][PH1][NH1][Se]\[C@@H1]\[C@@H1][Si][Na+1]\S[I-1]1[C@]\N/N\1\[NH1][O+1]/PC(/[C@@H1])\[C@@H1][C@]F,
514,[P@@][C-1]=[Cl+3]I,[P][C-]=[Cl+3]I
515,S1\OO/S[P@@]/N/1[S+1]=[N+1][Br-1](=N)P([S@@+1])[Se]\I,
516,O[BH2-1]C[P@]([Se])[P@]Cl.[BH2-1][C@]Br.[B-1]=N\F,O[BH2-]C[P@]([Se])[P]Cl.[B-]=NF.[BH2-][C]Br
517,N[Li+1][N@@]=C[B-1][C@@H1]\Cl,
518,C\[C@@H1][P@][C@H1]/O\O[C@@H1][C@@H1]P[P@]#[N+1]/F,C[CH][P][CH]OO[CH][CH]P[P]#[N+]F
519,S/[C@@H1]=C[C@H1][P@@][P@]B/[C@@H1]/[C@H1]=[N+1]/C/[C@@H1][Li+1][Br-1]\[N+1]I,
520,S[P@@][Li+1]=C=[Se]\Cl,
521,[S+1]\C[Br-1]#C\NCl,
522,[N+1]/[C@@H1]C\[C@H1][I-1][Se]/Br.OP[C@H1]Cl,OP[CH]Cl.[N+][CH]C[CH][I-][Se]Br
523,P([N+1])[Li+1][Li+1].C/F.C\CCl,
524,Cl[Br-1][2H],
525,Br[P@@]\S/N[Cl-1][O-1],
526,P/NP[P@]\N\N[Se][C@H1]S[C@H1]=[N+1]Br,PNP[P]NN[Se][CH]SC=[N+]Br
527,[N-1]\[C@@H1]/N=C\Br,[N-][CH]/N=C\Br
528,[C@]\S/[C@@H1]=P/Br,[C]S/C=P/Br
529,[Cl-1]\S[P@@]#[C@@H1].[NH1]/I,
530,[C@H1][C@]\O/C[S@@+1]\Cl.[P@@]ON\C,CNO[P].[CH][C]OC[S+]Cl
531,ClOP.[K+1]\I,
532,Cl\[C@@H1]\[C@@H1]\Cl.[C@@H1]B/Br.[C@@H1]/I.Cl,Cl.Cl[CH][CH]Cl.[CH]BBr.[CH]I
533,[P@]\[NH1][P@][BH2-1]/OC=[N+1]\I.[Br-1]([S@@+1])[NH1]\Cl,
534,B[C@@H1]/I.P/[C@H1]\F.[PH1][S@@+1]#N.[C@][N+1]=[P@+1][O+1]C#N,B[CH]I.F[CH]P.N#[S+][PH].[C][N+]=[P+][O+]C#N
535,Br[N+1]#N.I.[N+1][C@][B-1][Se]F.[C@]/N,I.N#[N+]Br.[C]N.[N+][C][B-][Se]F
536,F.[C@@H1]\Cl,F.[CH]Cl
537,[C@][C-1]([C-1])O\S/P/S/N[NH1][C@H1][Si]I,[C][C-]([C-])OSPSNN[CH][Si]I
538,Cl[C@@H1]/S,S[CH]Cl
539,N=N[N-1],[N-]N=N
540,[11CH3]P[O-1].I\[N+1][N@@]/N=O,O=N[N][N+]I.[11CH3]P[O-]
541,[C@][C@H1][BH2-1]Cl.[S@@+1][Cl+3][Cl-1]I.[C@@]=[Se][S+1][O-1],
542,F[P@@]N[S-1]/O\S[N-1][Cl-1][Na+1]I,
543,[S-1]/[N+1][N-1]/[C@H1]=O,O=C[N-][N+][S-]
544,[C@],[C]
545,[N-1]/[C@@H1][Cl-1][C@@]\[N+1]\OP=[Se]I,
546,P[Se]\[N+1]/Br,P[Se][N+]Br
547,N[BH2-1]/N[P@+1][C-1]N[Br-1][K+1][C@H1]Cl,
548,[P@]\I,[P]I
549,CI,CI
550,[C@@]=[Se]B\Br,[C]=[Se]BBr
551,[S@@+1][O+1]N[C@@][Br-1][Li+1]P=N[S+1][P@]\F.N[I-1][O-1],
552,[O+1]\[N+1]\Cl.S=[Se][Li+1]=[S+1]\O/I,
553,[C@H1]\S[Br-1][B-1]=N[Cl-1]N=S\S\[N+1][BH2-1]N[N+1]=N[B-1],
554,S[Br-1].I[C@@]=O.[C@H1]/Cl,
555,[N+1]#N.[C@@][Na+1][Li+1][PH1]#[N+1]\N\[N+1][PH1][S+1]=C=N[N+1]\ON[Li+1]\F.[C@H1]#C[C@H1][S@@+1][N-1][N-1]O[P@]/S/[C@@H1]=P\I,
556,[Se][Cl+3]Br,[Se][Cl+3]Br
557,B/F,BF
558,N[P@]=N[C@@]/[C@@H1][C@@H1][C@]Br.[C@@]=S[P@@]I,NP=N[C][CH][CH][C]Br.[C]=[SH][P]I
559,[BH2-1]1\O[C@@H1][S+1]=S/[C@@]/1[P@+1]N\Cl.C=O.FC[B-1][2H],C=O.ClN[P+][C]1[BH2-]O[CH][S+]=[SH]1.[2H][B-]CF
560,[S+1]/SBr.S[PH1]Cl.[P@@][S+1]C\N[BH2-1][Br-1]/I.[S-1]B,
561,Cl[P@@]Cl,Cl[P]Cl
562,,
563,[P@]/C/S[P@@][Cl-1]I,
564,Cl[BH2-1]\[C@H1][135I],Cl[BH2-][CH][135I]
565,[BH2-1][11CH3].Br[P@+1][11CH3].[B-1]\[NH1]C[O+1]/Br.[N+1]=[N@@]Cl,[11CH3][P+]Br.[B-]NC[O+]Br.[BH2-][11CH3].[N+]=NCl
566,Cl\CO[P@+1]#N,N#[P+]OCCl
567,Cl[Si][P@+1]#S=N[135I].[C@H1]=[N-1].[C@@H1][Se]/Cl.[O-1]\S\[C@H1][O-1],Cl[Si][P+]#[SH]=N[135I].[CH]=[N-].[CH][Se]Cl.[O-][CH]S[O-]
568,I[Cl-1][P@][N@@]/[N+1]/P=[N+1][Na+1][C@@H1]=N\[NH1][C@@H1]\F.[N+1](P)[P@]/I.P[S@@+1][2H],
569,[Na+1]1[N-1]C\N\[N+1]\S/1[S-1][N-1][P@+1]=[S+1]/Br,
570,N[Si]=[S@@+1]=[Se]/I,N[Si]=[S+]=[Se]I
571,Cl[Se]\O,O[Se]Cl
572,C[Si]\[NH1][Cl-1]\[C@H1][N-1]S/[C@@H1]B=P[Br-1][O+1][N+1][Na+1]Cl,
573,[Cl-1]\F.O\[N+1]F.N[Se]\N[C@@H1]C[11CH3],
574,[O+1]\[C@@H1](\S)S[Cl-1]F,
575,S\Br.N[Si][C@@][Br-1]/F.OSN[C@]I.[S+1]=[Na+1][I-1]/N,
576,I/O,OI
577,[S@@+1]/[C@@H1][Li+1]Cl.[NH1][P@+1][P@@]([C@]1)\[C@H1]/1[C@]I,
578,N[P@@][BH2-1][B-1]#C\[C@H1][Br-1](/P)[C@H1]/Br.P=C=P[O+1]=[Se]\N[N@@]\[C@@H1](\[C@H1])/[C@H1][I-1]\CN[C@]/I,
579,C\[C@H1][S+1]NP\[N+1]/S\F,C[CH][S+]NP[N+]SF
580,Cl/S.Br/[C@H1]F.B1.[N+1]1[Cl-1][K+1][N+1]([P@+1])[B-1]=N\[C@@H1]Cl.[O-1]NP\C(\[N+1]2)[BH2-1]2,
581,[C@H1]1S/OBr.[11CH3][C@][O+1]\OPI.CO[N+1][Br-1]=CN[C-1][C@@H1]2[C@@]/1/OP[C@H1][I-1][N+1][S+1]\2\[N+1][C@@H1]=[N+1]/Br,
582,I,I
583,N=P[Br-1][C-1]=C/Br,
584,[11CH3]/N[PH1][P@][K+1][C@H1][N+1](=P)[Se][O+1]/[C@@H1]\I,
585,O=[C-1]C(C)[PH1].[Cl-1][Si][NH1][C@@H1],
586,[N+1]P[135I].[Li+1]#[N+1][Na+1][11CH3].[C@H1][Cl-1]/C[Cl+3][C@]B,
587,[C@@H1]=P/N[PH1]P=[Se][Na+1]\C[B-1]NF,
588,[N-1]\[C@@H1]/S[O-1],[N-][CH]S[O-]
589,Cl[2H],[2H]Cl
590,[S@@+1]/S[Cl-1][C-1]([C@@])I,
591,[S-1][C@H1]\[C@H1]/P[11CH3],[11CH3]P[CH][CH][S-]
592,N\S[S+1]=P[C@@H1]/I.I[Cl+3]/P=[Cl+3].P=O.[Cl-1]=S/S([P@])\[C@H1]/[C@H1][C-1]/[C@@]/S.[P@@][B-1][S@@+1][S-1]=CN[O-1],
593,[P@@][Br-1]([O+1])[Li+1]=P[S+1][C@H1],
594,C\I,CI
595,[N+1]\F,[N+]F
596,[C@H1][O+1]=[C@H1][I-1]=C=[Se][P@]Cl,[CH][O+]=C[I-]=C=[Se][P]Cl
597,O[Cl-1]\Cl,
598,[C@@]/[C@@H1]=PN[P@][Cl+3][C@@H1]=[N+1]\C[B-1]([BH2-1])[BH2-1],[BH2-][B-]([BH2-])C[N+]=C[Cl+3][P]NP=C[C]
599,F[C-1]=O,O=[C-]F
600,N1[P@][S@@+1][N-1]1.[C@@]Br,[C]Br.[N-]1N[P][S+]1
601,[C@@]1=O.[S-1]\[C@H1]=[S@@+1]/1P[N@@]=[N+1](P)CI,O=[C]/[S+](=C\[S-])PN=[N+](P)CI
602,B(B)[Br-1]P[S+1]/P/C[C@]F.[N-1][C@][PH1][Se][C@][O-1],
603,[Br-1]1(=[N+1])(\[N+1]=O)/[C@H1]\[N+1]\[NH1][Cl+3]\1#N.[S@@+1]=[S+1]\F.[11CH3]/O[I-1](\O)/[N+1]/F,
604,N(/[C@H1])\Cl.IP\S[Li+1]#[N+1]\[C@H1]\O[Se]P=O,
605,OB[Br-1]=N,
606,[C@H1]/[C@H1][S@@+1][11CH3],[CH][CH][S+][11CH3]
607,[C@H1][N+1]/I.[PH1],[CH][N+]I.[PH]
608,[Cl-1]\[C@H1]/[C@H1](\N)/C\C\[NH1][N-1]/[C@@H1]([O+1])[S-1]\F,
609,C=[N-1].CS\[NH1]N/F,C=[N-].CSNNF
610,Cl[Li+1]Br,
611,[S+1][11CH3].[C@H1]\F.OP/Cl.[Cl-1][K+1][Cl-1]/Br.[N+1]\[C@H1][135I],
612,C/S([N+1])/NBr.[Na+1]\S,
613,[C@H1]\S[S-1]Br,[CH]S[S-]Br
614,[N-1].O[C@@][PH1]B[P@]/F,O[C]PB[P]F.[N-]
615,[C@H1]\S\F.[N-1][N+1]/[N+1]\C[NH1][S+1][N-1]/C/C[BH2-1][C@@H1][Se][I-1]\I,[CH]SF.[N-][N+][N+]CN[S+][N-]CC[BH2-][CH][Se][I-]I
616,[Br-1]O\[N+1][135I].[PH1]=[Se][11CH3].[C@H1](/F)[C@][S-1]\O/Cl,
617,[O+1][P@@]=[N+1]/S=N\[C@H1]\O\[N+1]/I.[N+1]N[Si][N@@],[N][Si]N[N+].[O+]P=[N+]/[SH]=N\[CH]O[N+]I
618,C/C\[C@H1][O+1]N,CC[CH][O+]N
619,[B-1][Br-1]=[C-1],
620,BS[Cl+3]([O-1])[BH2-1]/S[PH1]/O\Cl,BS[Cl+3]([O-])[BH2-]SPOCl
621,[C@@H1]=[N-1],[CH]=[N-]
622,P=[N+1]=O.[NH1]([I-1])[PH1][Br-1]\S\F.[C@@H1]Cl,
623,Cl/I,ClI
624,PBBr.[N-1]Cl,PBBr.[N-]Cl
625,S[P@]\[C@H1][Li+1]/I,
626,[O+1][Br-1]#C/N([I-1])/N/[C@@][N+1]OF,
627,Cl/F,FCl
628,S[Na+1]=[Se]=C=N.[O-1][N+1]B[O-1],
629,S=1=N\CO/S[C@@][Br-1][N+1]([Se]=1)N\[C@H1]=N[O+1]/[C@@H1]=CO\S\F.Cl[C@]\[NH1][N+1]([N@@])C\[N+1],
630,FC[Cl+3](P)=P[C@@H1][K+1](\Br)/[C@@H1]P[B-1][C@@H1]=[N+1][Se][P@@][Br-1].Cl/Br.[N+1][Si]=S=[O+1]\N[B-1]=N.[C@@H1]/Br.[P@+1](/Br)[NH1]/CN[Cl-1][Cl+3]/[C@@H1]\[NH1][O+1]=P,
631,O=P[Br-1][Se][C@][Br-1]=O.C[C-1]P[Se]=P=[N+1][I-1]/C[C@@][C-1]=C[K+1]/OS[P@+1](/O)=O.[C@]/[C@H1]/Br.O/O[C@H1]=[N-1].[C@@H1]/I,
632,C=[N-1],C=[N-]
633,[C@@H1]=S=NCl.[Cl+3][B-1]/Br,[CH]=S=NCl.[Cl+3][B-]Br
634,S/F,FS
635,[N-1][Cl+3][Cl-1][S+1],
636,N[N+1][11CH3],[11CH3][N+]N
637,C[I-1][Cl-1][C@@][2H],
638,[P@@][11CH3].C[Li+1]I.[C@@]/O[N+1]N[S+1]#N.S#N.N\Cl.[Se][Se]=S/[C@H1]\F,
639,Cl[Si]/S[P@]/S\O\ON[S+1][C@@]F.C\Cl,CCl.F[C][S+]NOOS[P]S[Si]Cl
640,[S@@+1]=[C@H1][C@H1],[CH]C=[S+]
641,[PH1]=1/S/[C@@H1]/P[K+1][P@@]\SN[C@]/[C@H1]=[N+1][C@@H1]=1,
642,N\I,NI
643,[Br-1]=NS=N\C/C[P@@]\S[C@]F,
644,S[Cl+3][N-1][N+1]=O,O=[N+][N-][Cl+3]S
645,N[C@][N+1]B=O.S[2H].[C@@H1]\[C@H1]/I,N[C][N+]B=O.[2H]S.[CH][CH]I
646,O/[C@@]#N.[S+1]\[N+1]/I,N#CO.[S+][N+]I
647,[O+1]/Br.C=C\Br,C=CBr.[O+]Br
648,[N+1]\N.Cl\S[O-1],[N+]N.[O-]SCl
649,F[I-1][C@@][Cl+3]#N.OBr.[C@][C-1]/P/S[Li+1]/I.[Se]/SF,
650,N[K+1]([135I])\[N+1]=[N+1]/F,
651,[Se]#SP(=P)[P@@]\O[P@@]=[N-1],[N-]=PO[P][PH](=P)S#[Se]
652,[C@@H1]P[C@@][S+1]N=N[C@@][C@H1]Br.[C@H1]F,[CH]F.[CH]P[C][S+]N=N[C][CH]Br
653,S(/S)\I,SSI
654,FB/[C@@]=[Se][S@@+1][C@@][C@]=N1.[P@@]1/[C@@][C@@]\S[P@+1]\Cl,FB[C]=[Se][S+][C][C]=N[P][C][C]S[P+]Cl
655,[BH2-1]\O\I,[BH2-]OI
656,Cl\C\C/[C@@]B=N[C@][I-1]Cl.IP[2H],ClCC[C]B=N[C][I-]Cl.[2H]PI
657,[135I]\ON[11CH3],[11CH3]NO[135I]
658,[N+1]\S/O[C@H1][Li+1]/Br.P[C@@H1]F,
659,S[I-1]\[C@H1][N-1]/[C@H1]O[N+1]C/PC=[S+1]/F,F[S+]=CPC[N+]O[CH][N-][CH][I-]S
660,[C@]([Br-1])[N-1]/N[PH1]\[N+1]Br.O[Si](=S)\[C@H1][I-1]/[C@@H1][Cl-1]\S,
661,[P@@]\O\I.[11CH3]/S[B-1]/P[O+1]\[NH1][S+1][Cl-1][P@][C@H1]\SBr.[Cl-1]/F,
662,[P@@][Se]/C/OCC#[C@H1],C#CCOC[Se][P]
663,[N+1][C@]/Cl.P[C@H1]=P/N[Si]\[N+1](N)\O[N+1]=C\I.[N-1]/P=[Se]([C@@])/PBr,N[N+](O[N+]=CI)[Si]NP=CP.[C]/[Se](=P\[N-])PBr.[N+][C]Cl
664,O=[P@]PP[Na+1].Br[N-1].[Br-1]#[N+1],
665,C(\I)[135I],IC[135I]
666,[C@@H1]Cl.F[Li+1]/I.[135I]Cl,
667,F[N+1]/Cl.[S@@+1]/F,F[N+]Cl.F[S+]
668,[C@H1][N+1][C@@]=[P@@][C@@]\Cl,[CH][N+][C]=P[C]Cl
669,[S-1]/N[N+1]=[Se][135I],[S-]N[N+]=[Se][135I]
670,[C@H1]1/[C@H1]=C[Li+1]=[S+1]\S=[C@][C@H1][P@@]\N[Na+1]/[N+1][Li+1]=[N-1].O[P@][BH2-1]1.C\Cl.[N+1][B-1][11CH3],
671,N[PH1]\Cl.[C@H1][P@+1]S/[C@@H1][Si]S\F,NPCl.[CH][P+]S[CH][Si]SF
672,[P@@]S[PH1]/Br.C[B-1]=P[Br-1]/Cl,
673,[N-1]/N\[N+1](F)[Br-1]/F,
674,FC=N[C@@]\F,F[C]N=CF
675,[NH1]=[Br-1],
676,[I-1][BH2-1]Br.[Cl+3]\Br.[C@@][BH2-1],Br[BH2-][I-].[BH2-][C].[Cl+3]Br
677,N=[N+1][Se]\[NH1][N@@][C@H1][N-1]C,C[N-][CH][N]N[Se][N+]=N
678,[Cl-1][Li+1][N@@]=N[C@@H1]=C[C@@]\[C@@H1]I,
679,[Cl-1]/P\F,
680,[P@]P#[N+1][11CH3].[C@@H1][Cl-1][S+1]#[C@][Se][135I],
681,[C@H1]=O.[N+1].P=C[C@@]/Br.[C@H1][K+1][C@H1]1/[C@H1]=CF.[PH1]/1\F,
682,S[Na+1]/S[C@H1]=N[C@H1][B-1][135I],
683,[C@H1][Li+1].Cl[Se]#N.[N+1]=[N+1]\I.[Br-1][C-1]N(/N)/F,
684,S=[C@@]\[N+1]O[N-1][P@@][Si][Li+1](S)(=P)[Cl-1][S+1]/P/S[2H],
685,[N-1][Na+1]#[C@H1].[I-1]\[C@@H1][C@][C@][N@@][S-1][S@@+1][135I],
686,N1=S=[N+1]B/1/F,FB1N=S=[N+]1
687,N/[C@@H1][N+1]=NF.[Se]\[NH1][N+1]/C\F,FC[N+]N[Se].N[CH][N+]=NF
688,[C@@H1]C/P[N-1][I-1]/C/C(=O)/F,[CH]CP[N-][I-]CC(=O)F
689,N[N-1][N+1]N[P@]/Br,N[N-][N+]N[P]Br
690,F[N+1]\[N+1][P@@]\I.[N+1]#[P@@]N=[C@@H1],F[N+][N+][P]I.[CH]=N[P]#[N+]
691,OP=[Se]\F.[C@H1]S=S[S+1]P[C-1]/P[Br-1]/F,
692,I[Br-1](\F)[P@][2H].N1(O)Cl.[C@H1][C@H1]=P[Br-1](\Br)/O/O/O[C@@][Br-1]\1#[N+1]SBS\[NH1]PC#[N+1],
693,[Cl-1]1[B-1]/S[2H].[NH1][O+1]1/O\[C@H1]=[N+1][O-1],
694,CO\Cl,COCl
695,Br/I.P[C@H1]P(=N)[Na+1](/[C@H1])\I,
696,C[Cl-1][O-1].[C@@H1]/Br.[S+1]\[C@@H1][P@]P\[C@H1][Li+1][Li+1][2H],
697,[C@@H1](/S)[P@]/I.[C@@H1](\S)\S/[C@H1][S-1]\[C@H1]\S/[C@H1]=[S+1]\[C@@H1]=P#C[PH1]#[N+1]N(F)[BH2-1]/S/I.[Cl+3]=[S+1]F,FN([BH2-]SI)[N+]#[PH]C#P=C/[S+]=C\S[CH][S-][CH]S[CH]S.F[S+]=[Cl+3].S[CH][P]I
698,[P@][S@@+1][BH2-1]\[C@H1][S+1]N/O/P[Cl-1][S+1]O\[C@H1]P[I-1]=C=[S+1]Br,
699,C(Br)[11CH3],[11CH3]CBr
700,S[S@@+1][Br-1]\N/C/C[C@@]/I,
701,I/[N+1][Br-1]BI.[C@]/[C@@H1]=O,
702,[C@H1][C@H1]=N[N+1]P/P=[Se][Li+1]F,
703,F[Cl-1]\Cl.C=P[Se](/S)[C@][Se]#[N+1].S\C#C,
704,[C@]/S([N-1])[N-1]/C/[C@H1][C@H1][Cl+3][C@@H1]Cl,[C][SH]([N-])[N-]C[CH][CH][Cl+3][CH]Cl
705,[Cl-1]=[N+1][S-1]S\Br,
706,[K+1][C@][PH1][P@+1]#C[C@@H1]C[Se].O,
707,[Li+1][C@]\[C@H1]=S=C\S[C@@][P@]\I.N/Cl,
708,[O+1]#C[PH1]=CN/P[N@@]=[N+1][Cl-1][Si][Cl+3]/P[P@][S@@+1]=[S+1]=S(#[N+1])[Se][2H],
709,O\N/[C@@H1]\[C@@H1]F,ON[CH][CH]F
710,[C@@H1][P@+1]\S\Br,[CH][P+]SBr
711,S=P[Na+1]N[Si][C-1][C@@H1]I.P\S[K+1]/[C@@H1][P@][C@][P@]I.F[135I].Br\[NH1],
712,P/[C@@H1].BrF,FBr.[CH]P
713,[P@@]=PCl,[P]=PCl
714,[C@H1]/CBr.[B-1]\N\[N+1]/Cl.[NH1]=[S+1]/C/C\I,N=[S+]CCI.[B-]N[N+]Cl.[CH]CBr
715,[K+1]=N/[C@@H1]1.I1.N[C@]/[C@H1]/[C@@][S@@+1][S@@+1][O-1],
716,[C@H1]/C[C@H1]/S[Br-1]\[N+1]#S[N-1][BH2-1].Cl[N+1][2H].NP[135I].[BH2-1][C-1]([Cl-1])I,
717,[C@H1]1=C[N-1]N=P[S+1]/1=[Se][Cl-1]/[C@@H1]=[N-1].[C@@]F,
718,[C@][Cl+3]\N\[N+1]#N.[BH2-1]=N1.[O+1]1NC[11CH3],[BH2-]=N[O+]NC[11CH3].[C][Cl+3]N[N+]#N
719,[C@][Se]=S[Li+1][Na+1]/I.Cl\[C@H1]\O[Cl-1]\N\S/O/P/[C@@H1]=N[C@@]/OSBr.[K+1]F.[B-1]/N=N[Si][S-1][Se]/[C@@H1]I,
720,S.Cl\C[BH2-1]NN=[N+1][Br-1]P\OB\S\F.C/I,
721,[Br-1]\S[I-1]/F.FO[Si]=P/Br.O\[C@@H1]\S[N-1][N+1]=[N+1]=C[Si][C-1]=S([PH1])[NH1][Se]\I.PBN[11CH3],
722,Cl[11CH3],[11CH3]Cl
723,S[S@@+1][Cl+3][C@H1][135I],S[S+][Cl+3][CH][135I]
724,C=[Br-1]N/P=[S+1][S+1]N\ON[O-1],
725,C\[C@@H1]=[N+1]/SP[O-1].N[C@@]/Cl,C/C=[N+]\SP[O-].N[C]Cl
726,N1P=S\1=[S@@+1]/Br,Br/[S+]=[SH]1=PN\1
727,O=[C@H1][N+1]O[Br-1]\C#N,
728,[C@@H1]PC[Br-1]=C[PH1][K+1][Na+1]=C[C@@]B[Br-1](/S/Cl)Br,
729,O.[O+1]\Cl,O.[O+]Cl
730,NN/[C@H1]\S.[P@]B[N-1][Cl-1]Cl,
731,O.[B-1][P@]=[K+1]#N,
732,Br[11CH3].SC,CS.[11CH3]Br
733,[Br-1]1=[Se]#CN[C@@]\1=[N+1][O+1]/C[C@@][Br-1]C(\C)/F,
734,[C@H1][Si]=O,[CH][Si]=O
735,S[C@@]\Cl,S[C]Cl
736,C/Cl,CCl
737,P/C/N[O+1][Br-1]=N[N+1]P=C[Cl+3]Br.[Br-1]/[C@H1],
738,[C@H1]ON\S[P@@](/[C@@H1])([P@@])[Cl-1]/Cl,
739,C/[C@@H1]/[C@H1]NS\Cl,C[CH][CH]NSCl
740,C[Si](N[S+1]\F)[O+1]=C=N/[C@@H1]/Br.[K+1]#C\O[I-1](/P)[135I],
741,[11CH3][Na+1][S@@+1]/[C@@][11CH3],
742,S=N[Se]([C@@H1])/OOCl,[CH][Se](N=S)OOCl
743,Cl[2H],[2H]Cl
744,O/[C@@H1]NBr.[C@][PH1]\I,O[CH]NBr.[C]PI
745,[C@@H1]S\Cl,[CH]SCl
746,[Se]P[135I].C/C[Se]/P[N+1](/Br)[Br-1]/[N+1][C@@]\O[C@@H1]/Br,
747,[N+1]P/S[Br-1][11CH3].[C-1]/[C@@H1][I-1]S[C@]/[C@H1]/C\Br,
748,[135I][Se]/S/[C@@H1]\[C@H1]/[C@H1]O[N+1][N+1]\S[Cl-1]#[C@H1],
749,[S+1]=C\S#[P@@]/I,[S+]=CS#[P]I
750,Br[S@@+1](\[NH1])[Br-1]O\N[Br-1]\[NH1]/I.[Br-1]/N/Br,
751,C[C@@][Br-1]/SP[P@@][C@H1]Cl,
752,N\[C@@H1]\S[C@@H1]=P=[Se]/I,N[CH]SC=[PH]=[Se]I
753,C#N.N[N+1][135I],C#N.N[N+][135I]
754,ClN\[C@H1]\Cl.[P@@]\S[P@@]\O[B-1],Cl[CH]NCl.[B-]O[P]S[P]
755,S\[C@@H1][Br-1][S-1][Cl+3][C@H1][C@]I,
756,[C@@]1\N[C@@][PH1]=C2[11CH3].[Se]/[C@H1][N+1]\1[O-1].S[O+1]([N+1])/I.[N+1]B\2F,[11CH3]C(=[PH][C]N[C][N+]([O-])[CH][Se])B([N+])F.[N+][O+](S)I
757,O[S+1]=S[O+1]([C-1])C\S#COCC[11CH3].C[N-1]/C1[BH2-1]N[11CH3].[Br-1]=[Br-1]1=N[C@@H1]/N\NO[N+1]=N[135I],
758,[N-1][2H].[Se]P\OC#N.Cl.[O+1]1[PH1]([N+1])[S+1]#[Br-1]/1.[C@@H1][Si][Se](=C)(F)[C@H1][I-1][Br-1]=[N+1]=[P@+1][Li+1]O[2H],
759,[C@H1]\Br,[CH]Br
760,C/I,CI
761,[Li+1]=PO/[C@H1]/[C@H1]O/I,
762,S[S-1]Br,S[S-]Br
763,[C@H1][Se]NNCl,[CH][Se]NNCl
764,[Se]/[C@@]O[Cl-1][P@]Cl,
765,[Si][S@@+1]\N([B-1])Cl,[B-]N(Cl)[S+][Si]
766,S=[C@H1][B-1]/[C@@H1]=O,O=C[B-]C=S
767,N[P@][N+1]#[S-1]\[C@H1][N+1]I.[PH1]/Cl,N[P][N+]#[S-][CH][N+]I.[PH]Cl
768,N.[Se]=P=P[C@]I.P[I-1][P@+1]=O.[Se]/I,N.O=[P+][I-]P.[Se]=[PH]=P[C]I.[Se]I
769,BrOC=C=[Se],[Se]=C=COBr
770,N\Br.Br/P=O.S/I,NBr.O=PBr.SI
771,,
772,[C@@]=O.[Cl+3]#N.[PH1][O-1],N#[Cl+3].[C]=O.[O-][PH]
773,[BH2-1]=[P@@],[BH2-]=[P]
774,C1\S\[N+1]I.C\[C@@H1]=N\C\1[C@](C)\Br,C/C=N/C(CS[N+]I)[C](C)Br
775,B\C/F,BCF
776,F[Se][K+1]#CC[Cl-1].[P@@][135I].C([Se])[P@@]/F.[N+1]=[C-1]/OP[P@+1][C-1][N+1](I)\O[K+1]/C[C@][B-1]=S/NP\Cl,
777,[N-1]/[C@@]=[Se]=C/[C@H1][C@H1]C/I,[N-][C]=[Se]=C[CH][CH]CI
778,[O+1]123.[B-1]/1=[S+1]/2(/N)C/3[C@][Se]O[O-1],N[S+]12=[B-][O+]1C2[C][Se]O[O-]
779,[C@@H1]1[Se][O+1][N+1]=C\[N+1]/O/1.[S@@+1][Cl+3]=[N-1],[CH]1O[N+]C=[N+][O+][Se]1.[N-]=[Cl+3][S+]
780,[Se]1P[P@]\S[I-1]=N/P[Li+1].[P@+1]1[S+1][Cl+3]F.[O+1]=[Se][K+1][N-1]F,
781,C[135I].C/O/[C@H1][O+1]\I.C[S+1]/Cl,CO[CH][O+]I.C[135I].C[S+]Cl
782,B1.S/1([P@][C@]=C\[N+1][P@]\F)=C=[PH1]([S+1]\[C@@H1]=P[Cl+3](\Br)[NH1][Se]\C\I)PF,BS(=C=[PH](PF)[S+]C=P[Cl+3](Br)N[Se]CI)[P][C]=C[N+][P]F
783,[2H]\[NH1][P@]=S#[N+1]/[C@@H1][Li+1]=P#CC\[NH1][Si].[C@@]/[C@H1][Cl+3][S@@+1][Cl+3][135I],
784,O1\N=[Se]([Cl-1][Se]1#C[N@@]\Br)(/F)[N+1]=O.[Cl-1]\[C@@H1]/P[C@@]/N/Cl,
785,[N-1].[Na+1]=O.[P@]/N/P[Se]=S\Br.[Br-1][Na+1][N+1].I/F.[C@@H1][P@+1]S/[N+1]P[11CH3],
786,[I-1]\OP(\Cl)[N+1]\S/[C@H1]\Cl,Cl[CH]S[N+]P(Cl)O[I-]
787,[N-1]\[NH1][C@@].P=S[Cl-1]=C=[Se]=[S+1]=[S+1]\Br.[C@@]/N/I,
788,[Li+1]\C[P@+1]=[S+1][11CH3],
789,N=NF.[C@@]=C.Cl[Na+1][B-1][C@]\[C@H1]/O\[C@@H1]\[NH1][O-1],
790,[S-1][Si]/[C@H1]/S\C\Cl,[S-][Si][CH]SCCl
791,[135I],[135I]
792,[C@@H1][P@@]\S/[C@H1][N@@]=NO[O+1]\Br,[CH][P]S[CH]N=NO[O+]Br
793,[NH1]1\N[N+1]/1/I,I[N+]1NN1
794,[O+1]B[PH1]=C[C@H1](/Br)N[C@]\Cl,[O+]B[PH]=C[C@H](Br)N[C]Cl
795,[135I].P#N,N#P.[135I]
796,[C@@]=O,[C]=O
797,[C@@H1]#[N+1][Cl-1]#[N+1]\Cl.[K+1][PH1]Cl,
798,[N-1]1[C@]([Se])N1,[Se][C]1[N-]N1
799,Cl/I.[NH1]=[S+1]I,ClI.N=[S+]I
800,C[Br-1](Cl)\Br,
801,[C@][C@@H1][Cl-1][P@+1](C=1)/[C@H1]=1,
802,[Li+1]/I.Cl\CC/C[Se]/[N+1][C@@]N,
803,C[I-1][Cl+3]/[C@H1][S+1]/F.[S+1][11CH3].I[C@@]\Cl,C[I-][Cl+3][CH][S+]F.Cl[C]I.[11CH3][S+]
804,[135I][Cl-1]\S=C[K+1]=N[B-1]=NI,
805,O/S/N=C[Br-1][135I],
806,SPC/[C@H1]/S#N.[C@@]\[NH1],N#S[CH]CPS.[C][NH]
807,S=1[C@H1]=N[BH2-1].[N+1]=1[P@][S+1]\C=[S+1][S+1][N+1][PH1]\O/F,[BH2-]N=C[SH]=[N+][P][S+]C=[S+][S+][N+]POF
808,FC[S@@+1]N=[N+1][11CH3],[11CH3][N+]=N[S+]CF
809,[BH2-1][S@@+1][Se][C@]/S\F,[BH2-][S+][Se][C]SF
810,Br[Br-1]=O.Br\N/C[2H],
811,[S@@+1]/F,F[S+]
812,[K+1]/C[Li+1]=C[Si]P\I,
813,[Se]/S\Br.Cl/[C@H1][Li+1][C@H1]Cl,
814,[Cl-1]=NC\C[K+1][P@]\S/Br.[O-1][N+1]=[N+1]C[Br-1].N[P@@][N+1]/Br,
815,Br[K+1][Cl-1][B-1][2H],
816,N[N-1][Li+1][P@]\[C@H1][Se]/[C@@H1]\[NH1]N[C@@H1][Cl-1]#[Si]1=N[C@][PH1]/O[N+1]/Cl.[PH1]=C[Br-1]\1=[N+1](I)\Br,
817,N=[Se]\I,N=[Se]I
818,[C@@]\O/PN/Br,[C]OPNBr
819,[N-1]/SN[C@]B,B[C]NS[N-]
820,[N+1]#[N+1]N=[N-1],[N+]#[N+]N=[N-]
821,[Se]=[S+1]/P#N,N#[PH][S+]=[Se]
822,POP[PH1]\Cl.S[S+1][C@@]#[N+1]/[N+1]=[Se][C@]P\Br,POPPCl.S[S+]C#[N+][N+]=[Se][C]PBr
823,N1=N[C@H1]=N1,C1=NN=N1
824,[Cl-1]/C\S[S@@+1](/[C@@])O[11CH3].[P@]I,
825,I/[C@@H1]=C[N+1]=O.S\F,FS.O=[N+]C=CI
826,[O+1]=[Se]\Br,[O+]=[Se]Br
827,[P@@]/N[O-1].[P@@]\O[Se](=N)(\Br)[O+1]P=N[Si]\CP([Si])[C@@]\I.[C@@H1]=[B-1],N=[Se](Br)(O[P])[O+]P=N[Si]CP([Si])[C]I.[B-]=[CH].[O-]N[P]
828,[N+1]=O,[N+]=O
829,Cl[N-1].[S-1]\I.C[K+1]N[Cl+3]S(\N=1)[S+1]=1/[C@@H1]/I,
830,[P@]\S\F.[BH2-1]\F,FS[P].[BH2-]F
831,O[Se]=[Se][P@@][O+1]=S\N\N[135I],O[Se]=[Se][P][O+]=[SH]NN[135I]
832,[PH1]\OB([P@@])[S+1][N-1]\Br,[P]B(O[PH])[S+][N-]Br
833,[P@]Cl,[P]Cl
834,[Br-1][Cl+3]P[NH1]N/I.O[Br-1]=N[Li+1]=N/S/[C@@H1][N+1][K+1]/I.I/[C@@]F,
835,F/S#P\S[Si]=PBF,FBP=[Si]S[PH]#SF
836,[C@H1]/N\Br.O=[N+1][S-1].[C@@]O[N@@][S@@+1][P@@]\I,O=[N+][S-].[CH]NBr.[C]O[N][S+][P]I
837,Br[Li+1]/I,
838,[Br-1][B-1]=PC/I,
839,[S@@+1]/S/F,FS[S+]
840,[P@@]\S[S-1](N)/N[Cl-1][Na+1]=O,
841,[Br-1][S@@+1][135I].[PH1]/P=B[N-1][2H].FC\I,
842,C/C/SI,CCSI
843,O[Br-1][C@]/[C@H1]=[S+1][Br-1][S+1]\S.[C@@H1]#CS.N\N\Cl.C[S@@+1]=C/Cl.[Na+1][Si]/O/C=N[C@][BH2-1]\[C@@H1].[C@][Cl-1][Cl+3][C@@]/[C@H1]=[C@@H1][P@+1]/C\[C@H1][N-1]\Cl,
844,[P@@]1\ON[C-1]/1[135I].[B-1]=C/[N+1]\[N+1][P@@][2H].[Cl+3][C@@]P[11CH3],[11CH3]P[C][Cl+3].[135I][C-]1NO[P]1.[2H][P][N+][N+]C=[B-]
845,Cl/S\O/OS[Se][I-1][P@+1],[P+][I-][Se]SOOSCl
846,[C-1][S@@+1][P@+1][N+1]F.C#N,C#N.[C-][S+][P+][N+]F
847,S[I-1][N-1]/PN(/O)[N-1][C@][11CH3].[N+1][C@@]=N[B-1].[N+1][Li+1]/I.[C@@H1]Br,
848,[C@H1]=1[Li+1][C@H1]\N/Cl.[PH1]#C\[N+1]=1\Cl,
849,[11CH3]/[C@H1][P@]/NP[S+1]\I,[11CH3][CH][P]NP[S+]I
850,Cl/[C@@H1]/[C@H1]NN\F.[C@H1][N@@][P@@]/Br,FNN[CH][CH]Cl.[CH][N][P]Br
851,NN=[N+1]\S/O[Cl+3]\Cl,NN=[N+]SO[Cl+3]Cl
852,[PH1]\Cl,[PH]Cl
853,[C@@]=[N+1][Li+1][P@+1]\F,
854,NI.[Cl+3]/N\I.C[B-1][Li+1][Br-1]=C=N,
855,[C@@]N=[N+1][B-1]\N[N+1][11CH3],[C]N=[N+][B-]N[N+][11CH3]
856,,
857,[C@][C@H1][P@@]\O[B-1]=P(/C1)[N+1]/1=[Si]Cl,[C][CH][P]O[B-]=[PH]1C[N+]1=[Si]Cl
858,S\C=N[N+1][C@H1]/F.N[I-1]Cl,F[CH][N+]N=CS.N[I-]Cl
859,[C@@H1]/F,[CH]F
860,[S-1]1OOOP=[N-1].[C@](/S)\[N+1][C@@H1]/Br.O/1/I.Cl[P@+1][N+1][135I],Cl[P+][N+][135I].S[C][N+][CH]Br.[N-]=POOO[S-]OI
861,[I-1][Cl-1][Na+1]/S\[NH1][S@@+1],
862,O1/[C@H1][Na+1]1\O[Li+1][11CH3],
863,[C@@]=[N-1],[C]=[N-]
864,[N-1][Si][PH1].P=N[Cl+3]/F.[P@@][P@][N+1][S+1]/[C@H1][B-1],F[Cl+3]N=P.[B-][CH][S+][N+][P][P].[N-][Si][PH]
865,[O+1]/Br.P[C@@H1]B/I.Br[C@@H1][Na+1][11CH3].[S+1]/Cl,
866,O/C.P=[N+1]=N/Br,CO.P=[N+]=NBr
867,ClN[C@@][C@][Br-1]#B.C(/S)(P)N\[N+1]/S[PH1][BH2-1]/I,
868,C=1=[S+1](B)[S+1]=N/OO[Na+1]=C[K+1]=1/[N+1]#[C@@H1].[NH1]\[N+1]SF.NI,
869,[C@@]=1F.[Cl-1]=1[P@+1][PH1]\O\O[Cl+3](/F)/F,
870,[C@H1]/[C@@H1]\O[Se][B-1][2H].P#C[S-1][Cl+3]/Br.[C@@H1]/P=S\S=[S-1]Cl,P#C[S-][Cl+3]Br.[2H][B-][Se]O[CH][CH].[CH]/P=[SH]\[SH]=[S-]Cl
871,S[P@][S@@+1]/S=O,O=[SH][S+][P]S
872,,
873,[Cl-1]\[NH1][Br-1][I-1][N-1]Cl.[BH2-1]/S/C/I,
874,F/N=C=N[Br-1]/I.O[S+1][C@],
875,P=P=P[P@+1]=[S+1]Br,P=[PH]=P[P+]=[S+]Br
876,[Br-1]/I.[Cl-1],
877,[N-1]=[Se]O[Li+1]=[C@][S@@+1].N/F.[N+1]/N[O+1]=[Se][C@@H1]/[C@H1][2H].SI.CF.P\N[2H],
878,[C@@][O+1][Se]=N[N+1][P@@][C@]/I.[P@+1]=[S+1]/[C@@H1].[B-1][S+1][P@+1](/[N+1])[11CH3],[B-][S+][P@@+]([11CH3])[N+].[CH][S+]=[P+].[C][O+][Se]=N[N+][P][C]I
879,C[P@@]=[N-1].S[Se][P@]#[N+1][Se]N[11CH3].[N-1]=[N+1],CP=[N-].[11CH3]N[Se][N+]#[P][Se]S.[N+]=[N-]
880,[C@@]\Br,[C]Br
881,F[S-1]/N[NH1][N+1][Na+1][C@@H1]\S[I-1]\F,
882,,
883,C[Se]=N[Br-1]/P/N[C-1]/I.[Cl-1][S@@+1][NH1][2H],
884,,
885,Cl/C\[C@H1].O.C[N+1]Cl,C[N+]Cl.O.[CH]CCl
886,Br[K+1]/N/C/Br.F.OI.[Cl+3]/[N+1]=[Si](\[NH1])\C[11CH3],
887,[Se]/Cl,Cl[Se]
888,[PH1][C@H1]=O,O=C[PH]
889,[O+1][PH1]\S\S\Cl,[O+]PSSCl
890,N/[C@@][O-1].Br\[NH1],N[C][O-].[NH]Br
891,[N+1][C@H1]/I,[N+][CH]I
892,N[O+1]I,N[O+]I
893,O[Se]P[P@@][11CH3].[N+1][S+1]F.[C@H1][C@]/[C@@][PH1]/C[BH2-1]P/PF,[11CH3][P]P[Se]O.[CH][C][C]PC[BH2-]PPF.[N+][S+]F
894,[C@@]\N[BH2-1],[BH2-]N[C]
895,[Li+1][K+1]\[N+1]B[Cl+3]\Cl.C#[N+1][Na+1][Se]S[Se]=N[135I].S\[C@H1]=[N-1],
896,O[C@]=P[C@]#CCN/I,O[C]=PC#CCNI
897,[I-1][N+1].ON[Se]/Br.Br\[C@@H1]\N[Na+1][O+1]C[11CH3],
898,[PH1]/[C@H1].N=S\Cl,N=[SH]Cl.[CH][PH]
899,SNP[11CH3].S[2H],[11CH3]PNS.[2H]S
900,P\I.[P@]\I.C(F)C=[Se][B-1](/Br)[Li+1]=C[N+1]\O[Se]#[Si]/Cl,
901,[Br-1]/F,
902,N[N-1]NI.OI,N[N-]NI.OI
903,[C@@H1]/I,[CH]I
904,[BH2-1]/N(\S)\Br,[BH2-]N(S)Br
905,[P@]/[C@@H1]=[N+1]=O.[P@@][N@@]/[N+1][P@+1](C)F,C[P@+](F)[N+][N][P].O=[N+]=C[P]
906,Cl[Cl-1]O[Se]=[Se][N+1]\C(=[N+1])[C@]\[N+1]/P[135I].S(\[NH1]1)[135I].[Cl+3]#C/[C@H1][O+1]\1\F,
907,P[S-1][2H],[2H][S-]P
908,P[2H].O\Cl,OCl.[2H]P
909,O1\ON\Cl.O/[N+1]/1F,O[N+](F)OONCl
910,[Se][C@H1]F,F[CH][Se]
911,[11CH3]/I.Cl[P@]/O[N+1][Na+1][11CH3].NS=C.N/S(/Cl)/O[S+1]/F.Cl[Br-1](\O)=N\[N+1]=PB[C@@H1][Br-1],
912,F[B-1]=P[C@@H1][135I].[S-1].[O+1]=O,F[B-]=P[CH][135I].O=[O+].[S-]
913,I[Br-1]PC\[C@@H1]=N,
914,[Se]=O,O=[Se]
915,[C@@H1]=[Se][Cl-1]=[Se]/P=[Se]CC/[C@H1]\[C@H1]/Br,
916,[C@@]=N[C@@]B\O\O/I.NF.[N+1]\O\I,NF.[C]=N[C]BOOI.[N+]OI
917,C\[C@@H1]NOC=[S+1]=[N+1]\C=[S+1][P@]\I.[N+1]([C@H1])C/I,C[CH]NOC=[S+]=[N+]C=[S+][P]I.[CH][N+]CI
918,[C@H1]\S[Br-1][N-1]PPCl,
919,Cl\N.Br/I,BrI.NCl
920,N[N-1][BH2-1][Br-1]\O[Li+1]\[NH1]NCl.[S@@+1]=C\I,
921,[C@]/C[Br-1]\S[NH1][O+1][Br-1]\I,
922,[P@][Li+1]Cl,
923,N/F.[BH2-1]/S=[N+1]Br.C/F,CF.NF.[BH2-][SH]=[N+]Br
924,[S@@+1]I.SI,SI.[S+]I
925,C/[C@@H1][O-1],C[CH][O-]
926,C/F,CF
927,F/[C@H1]/I.[C@@].S=[C@@H1]C/F,FCC=S.F[CH]I.[C]
928,O[P@]\[NH1][Se]\F.[11CH3]/[C@@H1]\[NH1]/F.C(\[C@H1])[Br-1][C-1][Si]1.F\1,
929,[S-1]#N.C[N+1][N+1]\Cl,C[N+][N+]Cl.N#[S-]
930,[S-1][S@@+1]/[C@@]=C\C[Si][P@@]#C\F,FC#[P][Si]C/C=[C]\[S+][S-]
931,[P@@][135I].[B-1][S@@+1][C@H1]=N\[NH1]N[S+1][C@@H1][P@@]/F.[N+1]\[C@@H1]\Cl.[C@@H1]\[C@H1]/OF,[B-][S+]C=NNN[S+][CH][P]F.[CH][CH]OF.[N+][CH]Cl.[P][135I]
932,[PH1]/Cl.P/Cl,PCl.[PH]Cl
933,[P@@]/F.[Br-1]O\[C@@H1]=[Se]/[N+1]=[Se][I-1]/[C@@H1]/N[N-1]O[P@@][2H].F[PH1]\[NH1]/I,
934,P/[N+1]([135I])\I,P[N+](I)[135I]
935,P[S@@+1]=P=N[C@@H1]=[N+1]=S/Cl,P[S+]=[PH]=NC=[N+]=[SH]Cl
936,CP\S#[N+1].[C@][C-1]\S/I,CPS#[N+].[C][C-]SI
937,S\S#[I-1][O-1].[Se][I-1][N+1][C@H1]=O,O=C[N+][I-][Se].[O-][I-]#SS
938,B=[S@@+1]\Cl.O/S[C@]\NN=N.C[S-1][S-1].[N+1],B=[S+]Cl.C[S-][S-].N=NN[C]SO.[N+]
939,N\N=B,B=NN
940,N=S[135I].S[P@@]\O.[Se]/[C@H1]/[C@H1]/[C@H1]F.S\C=[S@@+1][11CH3],F[CH][CH][CH][Se].N=[SH][135I].O[P]S.[11CH3][S+]=CS
941,Cl,Cl
942,B1[P@]=P=N\F.[Cl+3]1(S)[C@],[C][Cl+3](S)BP=[PH]=NF
943,[BH2-1][P@@][BH2-1][Br-1]P\Br,
944,[C@H1]#N,C#N
945,CNO[Br-1]/[C@@H1][C@@H1]I,
946,[S+1][S-1][Br-1]([Li+1])=C=N/Cl,
947,O.[Br-1]\O/[C@H1]N=CSO\[NH1]NC([C@@H1][Li+1])[C@H1]P1.N1[N-1]P[Li+1]I.[P@+1]=C[11CH3],
948,[11CH3][N-1][Br-1]=NN/[C@H1]=C[O+1][Br-1]#[N+1]/Cl,
949,BrC\Br.[C@@H1]/[C@@H1][Si][N-1][C@@]\[NH1]P\N[N+1]=N/F,BrCBr.[CH][CH][Si][N-][C]NPN[N+]=NF
950,Cl[N+1]\NPN[S@@+1]=[S+1]([P@+1])[C@]#C\S[Cl+3][Cl-1]F,
951,[N+1]/N=[Se]([O+1])[N+1]/Br,[N+]N=[Se]([O+])[N+]Br
952,[S+1][2H],[2H][S+]
953,[Li+1]\S/[C@H1]\S#N.[N-1]\I.[N+1]\[N+1]\O/C[C@@H1].O=[N+1]/[N+1]\[NH1][I-1]F,
954,[135I].[Li+1][I-1]\[C@@H1]/Br.O[PH1]/I,
955,F/C[Se]=[P@]=PO[Se]#[N+1][S@@+1][C@@H1]\Br.[2H]\[C@H1]C/[N+1],FC[Se]=[P]=PO[Se]#[N+][S+][CH]Br.[2H][CH]C[N+]
956,F,F
957,SPN([N+1]=[N-1])N/I.CP\C/[N+1][S+1]=SF,CPC[N+][S+]=[SH]F.[N-]=[N+]N(NI)PS
958,[11CH3]S=N/P/[C@@H1][C@@H1]N[C@]([BH2-1]B/Br)[Se]I.N\OF,NOF.[11CH3][SH]=NP[CH][CH]N[C]([BH2-]BBr)[Se]I
959,P[C@][N+1]P\I,P[C][N+]PI
960,[O+1]/C=P[Na+1](O)\Cl.[N-1],
961,P[Si][Se][Na+1][C@@]#C\Cl.O/[C@@]=O,
962,C(\[C@H1])[PH1]P([Si])[C@][P@@](/[C@@H1])[C@][I-1]\F,[CH]CPP([Si])[C][P@@]([CH])[C][I-]F
963,[Se]1=C/P/1[O-1],[O-]P1C=[Se]1
964,N=[N+1][Li+1][Na+1][C-1][N-1]/O\Cl,
965,[S@@+1]#[N+1].S[Se][C@H1]/PCl,S[Se][CH]PCl.[N+]#[S+]
966,C\[NH1][O+1]B[O-1],CN[O+]B[O-]
967,[O+1][O-1],[O+][O-]
968,[O+1],[O+]
969,[S-1][N-1][Se]\S#[N+1][BH2-1]/O[S+1]\[C@@H1]/O[C@@][Br-1]\[N+1][Br-1]/N[N-1][Se][135I],
970,[P@]B[Cl+3][N+1]\S[PH1]/N[C@@H1]CN[C-1],[C-]NC[CH]NPS[N+][Cl+3]B[P]
971,[11CH3][Se]1=C/[C@H1][S+1]\S=C[C@]\1/O[PH1][11CH3].[K+1]P#[N+1]P[135I],
972,[S@@+1][N-1]/S=[Se]F.C.S/C\I,C.F[Se]=[SH][N-][S+].SCI
973,[C@@H1]/PBr,[CH]PBr
974,NF,NF
975,[C@@H1]Cl.C=[N+1]=[N+1]P\S[S+1][N-1]C[Cl-1]N[N+1]\NI,
976,Br[N-1][N+1][C-1]I.C\N[C@]=[N+1]=[N+1]\S=CF,Br[N-][N+][C-]I.CN[C]=[N+]=[N+][SH]=CF
977,B[S@@+1]\F.N/F.C#[N+1][P@](\[C@H1])/O/[C@H1][I-1][BH2-1]N[Cl+3]\C[K+1]O[O+1][P@@]\Cl,
978,[C@@]12/N\[C@@H1][C@H1][S@@+1]P/1/[C@H1](N)Cl.[11CH3][Se]N[K+1]#[N+1][BH2-1]2,
979,[S-1]([Si])C/[C@H1],[CH]C[S-][Si]
980,ClN[2H],[2H]NCl
981,[N+1]\O[11CH3],[11CH3]O[N+]
982,N/[C@@H1][I-1]\N[O-1].[Br-1][C@]/[C@@][I-1][C@][S+1][Br-1][K+1][N-1][11CH3],
983,[C@H1][P@+1][S@@+1]/[C@@][C@@]/O[Br-1][Li+1]/I.[11CH3][O-1].[N+1]/P[I-1]\[C@H1][N-1]/[C@H1],
984,[Li+1](\I)C\[C@H1][N-1]/S,
985,S1=[N-1].[C@@H1]/N[S-1]\[C@H1]/1N\N/C\[N+1]/OS\Cl,[CH]N[S-][C@@H](NNC[N+]OSCl)[SH]=[N-]
986,[BH2-1]/F.[P@@]/F.[Br-1][11CH3],
987,S[P@]\N.Cl/I.[S@@+1]Cl.F[O-1],ClI.N[P]S.[O-]F.[S+]Cl
988,P/N=[N+1]\NF,FN/[N+]=N\P
989,NBr.[C@@]NN=[Se]/P[P@](\[NH1][Cl-1][Cl-1]P/Cl)N\F.[NH1]=[Se](\Cl)/Cl,
990,[N-1]I.N/P/C[B-1][C@@]\Cl.[C@@][S+1]\I,NPC[B-][C]Cl.[C][S+]I.[N-]I
991,[Se]1=[N-1].[C@H1]N(\[NH1])B[NH1]/S=P/O[C@]/1[I-1][I-1]=[C@@].[Cl-1][K+1][135I],
992,[Br-1]=[Se][K+1][2H],
993,[11CH3],[11CH3]
994,[C@@H1]\[NH1]O[P@]/F.Br,Br.[CH]NO[P]F
995,S/C/Br,SCBr
996,[P@@][N+1][Br-1]\C\Cl,
997,[B-1]NO[B-1]#N.[N+1]P[C@@]=[O+1]/SBr,[B-]NO[B-]#N.[N+]P[C]=[O+]SBr
998,Br/F,FBr
999,[P@@]\F.Cl[C@H1][P@]I,Cl[CH][P]I.F[P]
